<?xml version="1.0" encoding="UTF-8"?>
<ISO11783_TaskData VersionMajor="2" VersionMinor="0" ManagementSoftwareManufacturer="" ManagementSoftwareVersion="0" TaskControllerManufacturer="CNH" TaskControllerVersion="30.0.4.0" DataTransferOrigin="2" >
	<PGP A="PGP-0" B="SEED" C="2" />
	<DVC A="DVC-1" B="New Holland Air Cart" C="2.6.2.0" D="A00880000BC1AEDA" E="110298" F="06024341484E43" G="FF565A035F6E65" >
		<DET A="DET-1" B="1" C="1" D="Cart" E="0" F="0" >
			<DOR A="2" />
			<DOR A="3" />
			<DOR A="4" />
			<DOR A="6" />
			<DOR A="7" />
		</DET>
		<DPD A="2" B="DFFF" C="0" D="31" E="RequestDefaultLogging" />
		<DPD A="3" B="008D" C="1" D="9" E="Workstate" />
		<DPD A="4" B="0046" C="0" D="8" E="Max Working Width" F="5" />
		<DPD A="6" B="0086" C="0" D="1" E="X Offset" F="5" />
		<DPD A="7" B="0087" C="0" D="1" E="Y Offset" F="5" />
		<DET A="DET-2" B="8" C="6" D="Front Hitch" E="1" F="1" >
			<DOR A="9" />
			<DOR A="10" />
			<DOR A="11" />
		</DET>
		<DPT A="9" B="0086" C="0" D="X Offset" E="5" />
		<DPT A="10" B="0087" C="0" D="Y Offset" E="5" />
		<DPT A="11" B="009D" C="1" D="Connector Type" />
		<DET A="DET-3" B="12" C="2" D="Meter 1" E="256" F="1" >
			<DOR A="13" />
			<DOR A="15" />
			<DOR A="16" />
			<DOR A="18" />
			<DOR A="20" />
			<DOR A="6" />
			<DOR A="7" />
			<DOR A="21" />
			<DOR A="22" />
			<DOR A="23" />
		</DET>
		<DPD A="13" B="0077" C="2" D="17" E="Effective Time" F="14" />
		<DPD A="15" B="0075" C="2" D="17" E="Effective Distance" F="5" />
		<DPD A="16" B="0074" C="2" D="17" E="Running total area" F="17" />
		<DPD A="18" B="0051" C="2" D="17" E="Application total mass" F="19" />
		<DPD A="20" B="0043" C="1" D="1" E="Working Width Actual" F="5" />
		<DPD A="21" B="00A0" C="2" D="8" E="Section Control State" />
		<DPD A="22" B="00A1" C="3" D="9" E="Condensed State Actual" />
		<DPD A="23" B="0122" C="2" D="0" E="Condensed State Setpoint" />
		<DET A="DET-4" B="24" C="2" D="Meter 2" E="512" F="1" >
			<DOR A="13" />
			<DOR A="15" />
			<DOR A="16" />
			<DOR A="18" />
			<DOR A="20" />
			<DOR A="6" />
			<DOR A="7" />
			<DOR A="21" />
			<DOR A="22" />
			<DOR A="23" />
		</DET>
		<DET A="DET-5" B="25" C="2" D="Meter 3" E="768" F="1" >
			<DOR A="13" />
			<DOR A="15" />
			<DOR A="16" />
			<DOR A="18" />
			<DOR A="20" />
			<DOR A="6" />
			<DOR A="7" />
			<DOR A="21" />
			<DOR A="22" />
			<DOR A="23" />
		</DET>
		<DET A="DET-6" B="26" C="3" D="Tank 1" E="257" F="12" >
			<DOR A="27" />
			<DOR A="29" />
			<DOR A="30" />
			<DOR A="32" />
			<DOR A="33" />
			<DOR A="34" />
			<DOR A="35" />
		</DET>
		<DPD A="27" B="0006" C="2" D="1" E="Mass per area set" F="28" />
		<DPD A="29" B="0007" C="1" D="1" E="Mass per area actual" F="28" />
		<DPD A="30" B="008F" C="0" D="9" E="Time latency actual" F="31" />
		<DPD A="32" B="008E" C="0" D="9" E="Time latency setpoint" F="31" />
		<DPD A="33" B="009E" C="2" D="8" E="Rx enabled" />
		<DPD A="34" B="00B2" C="0" D="0" E="Element Type Instance" />
		<DPD A="35" B="00B3" C="0" D="8" E="Actual Cultural Practice" />
		<DET A="DET-7" B="36" C="3" D="Tank 2" E="513" F="24" >
			<DOR A="27" />
			<DOR A="29" />
			<DOR A="30" />
			<DOR A="32" />
			<DOR A="33" />
			<DOR A="34" />
			<DOR A="35" />
		</DET>
		<DET A="DET-8" B="37" C="3" D="Tank 3" E="769" F="25" >
			<DOR A="27" />
			<DOR A="29" />
			<DOR A="30" />
			<DOR A="32" />
			<DOR A="33" />
			<DOR A="34" />
			<DOR A="35" />
		</DET>
		<DET A="DET-9" B="38" C="4" D="Section 1L" E="273" F="12" >
			<DOR A="20" />
			<DOR A="7" />
		</DET>
		<DET A="DET-10" B="40" C="4" D="Section 2L" E="529" F="24" >
			<DOR A="20" />
			<DOR A="7" />
		</DET>
		<DET A="DET-11" B="42" C="4" D="Section 3L" E="785" F="25" >
			<DOR A="20" />
			<DOR A="7" />
		</DET>
		<DVP A="5" B="0" C="0.100000001" D="1" E="cm" />
		<DVP A="14" B="0" C="1.000000000" D="1" E="seconds" />
		<DVP A="17" B="0" C="0.000100000" D="1" E="hectares" />
		<DVP A="19" B="0" C="1.000000000" D="1" E="kgs" />
		<DVP A="28" B="0" C="0.010000000" D="1" E="kgs/ha" />
		<DVP A="31" B="0" C="0.001000000" D="1" E="seconds" />
	</DVC>
	<CTR A="CTR-0" B="CNHi" />
	<FRM A="FRM-0" B="Burr Ridge" I="CTR-0" />
	<PFD A="PFD-0" C="Office" D="0" E="CTR-0" F="FRM-0" />
	<TSK A="TSK-0" B="Multi Varieties" C="CTR-0" D="FRM-0" E="PFD-0" G="2" >
		<DAN A="A00880000BC1AEDA" C="DVC-1" />
		<DLT A="DFFF" B="31" H="DET-1" />
		<TIM A="2014-12-01T15:08:23" B="2014-12-01T15:30:20" C="1315" D="5" >
			<DLV A="0077" B="1285" C="DET-3" />
			<DLV A="0075" B="6218193" C="DET-3" />
			<DLV A="0074" B="113719" C="DET-3" />
			<DLV A="0051" B="117146" C="DET-3" />
			<DLV A="0077" B="1508" C="DET-4" />
			<DLV A="0075" B="7307394" C="DET-4" />
			<DLV A="0074" B="133637" C="DET-4" />
			<DLV A="0051" B="136502" C="DET-4" />
			<DLV A="0077" B="1295" C="DET-5" />
			<DLV A="0075" B="6270662" C="DET-5" />
			<DLV A="0074" B="114679" C="DET-5" />
			<DLV A="0051" B="117369" C="DET-5" />
			<PTN A="418493207.2448" B="-938205312.103" C="0" D="2" E="0.000000" F="0.000000" G="6" H="4514000" />
		</TIM>
		<DLT A="008D" B="9" H="DET-1" />
		<DLT A="0046" B="8" H="DET-1" />
		<DLT A="0086" B="1" H="DET-1" />
		<DLT A="0086" B="1" H="DET-3" />
		<DLT A="0086" B="1" H="DET-4" />
		<DLT A="0086" B="1" H="DET-5" />
		<DLT A="0087" B="1" H="DET-1" />
		<DLT A="0087" B="1" H="DET-3" />
		<DLT A="0087" B="1" H="DET-4" />
		<DLT A="0087" B="1" H="DET-5" />
		<DLT A="0087" B="1" H="DET-9" />
		<DLT A="0087" B="1" H="DET-10" />
		<DLT A="0087" B="1" H="DET-11" />
		<DLT A="0043" B="1" H="DET-3" />
		<DLT A="0043" B="1" H="DET-4" />
		<DLT A="0043" B="1" H="DET-5" />
		<DLT A="0043" B="1" H="DET-9" />
		<DLT A="0043" B="1" H="DET-10" />
		<DLT A="0043" B="1" H="DET-11" />
		<DLT A="00A1" B="9" H="DET-3" />
		<DLT A="00A1" B="9" H="DET-4" />
		<DLT A="00A1" B="9" H="DET-5" />
		<DLT A="0006" B="1" H="DET-6" />
		<DLT A="0006" B="1" H="DET-7" />
		<DLT A="0006" B="1" H="DET-8" />
		<DLT A="0007" B="1" H="DET-6" />
		<DLT A="0007" B="1" H="DET-7" />
		<DLT A="0007" B="1" H="DET-8" />
		<DLT A="008F" B="9" H="DET-6" />
		<DLT A="008F" B="9" H="DET-7" />
		<DLT A="008F" B="9" H="DET-8" />
		<DLT A="00B2" B="0" H="DET-6" />
		<DLT A="00B2" B="0" H="DET-7" />
		<DLT A="00B2" B="0" H="DET-8" />
		<DLT A="00B3" B="8" H="DET-6" />
		<DLT A="00B3" B="8" H="DET-7" />
		<DLT A="00B3" B="8" H="DET-8" />
		<TLG A="TLG00001" B="701892" C="1" />
		<PAN A="PDT-0" E="DET-1" >
			<ASP A="2014-12-01T14:18:27" B="2014-12-01T14:41:23" D="4" />
		</PAN>
		<PAN A="PDT-1" E="DET-1" >
			<ASP A="2014-12-01T14:41:23" B="2014-12-01T15:07:31" D="4" />
		</PAN>
		<PAN A="PDT-2" E="DET-1" >
			<ASP A="2014-12-01T15:07:31" D="4" />
		</PAN>
		<TIM A="2014-12-01T15:30:18" D="8" />
	</TSK>
	<PDT A="PDT-0" B="Variety 1" C="PGP-0" />
	<PDT A="PDT-1" B="Variety 2" C="PGP-0" />
	<PDT A="PDT-2" B="Variety 3" C="PGP-0" />
</ISO11783_TaskData>
