<?xml version="1.0" encoding="UTF-8"?>
<TIM A="" D="4"  >
	<PTN A="" B="" C="" D="" E="" F="" G="" H=""  />
	<DLV A="DFFF" B="" C="DET-1"  />
	<DLV A="008D" B="" C="DET-1"  />
	<DLV A="0046" B="" C="DET-1"  />
	<DLV A="0086" B="" C="DET-1"  />
	<DLV A="0086" B="" C="DET-3"  />
	<DLV A="0086" B="" C="DET-4"  />
	<DLV A="0086" B="" C="DET-5"  />
	<DLV A="0087" B="" C="DET-1"  />
	<DLV A="0087" B="" C="DET-3"  />
	<DLV A="0087" B="" C="DET-4"  />
	<DLV A="0087" B="" C="DET-5"  />
	<DLV A="0087" B="" C="DET-9"  />
	<DLV A="0087" B="" C="DET-10"  />
	<DLV A="0087" B="" C="DET-11"  />
	<DLV A="0043" B="" C="DET-3"  />
	<DLV A="0043" B="" C="DET-4"  />
	<DLV A="0043" B="" C="DET-5"  />
	<DLV A="0043" B="" C="DET-9"  />
	<DLV A="0043" B="" C="DET-10"  />
	<DLV A="0043" B="" C="DET-11"  />
	<DLV A="00A1" B="" C="DET-3"  />
	<DLV A="00A1" B="" C="DET-4"  />
	<DLV A="00A1" B="" C="DET-5"  />
	<DLV A="0006" B="" C="DET-6"  />
	<DLV A="0006" B="" C="DET-7"  />
	<DLV A="0006" B="" C="DET-8"  />
	<DLV A="0007" B="" C="DET-6"  />
	<DLV A="0007" B="" C="DET-7"  />
	<DLV A="0007" B="" C="DET-8"  />
	<DLV A="008F" B="" C="DET-6"  />
	<DLV A="008F" B="" C="DET-7"  />
	<DLV A="008F" B="" C="DET-8"  />
	<DLV A="00B2" B="" C="DET-6"  />
	<DLV A="00B2" B="" C="DET-7"  />
	<DLV A="00B2" B="" C="DET-8"  />
	<DLV A="00B3" B="" C="DET-6"  />
	<DLV A="00B3" B="" C="DET-7"  />
	<DLV A="00B3" B="" C="DET-8"  />
</TIM>
