<?xml version="1.0" encoding="UTF-8"?>
<ISO11783LinkList VersionMajor="4" VersionMinor="2" ManagementSoftwareManufacturer="CNH Industrial N.V." ManagementSoftwareVersion="2.*.*.*" DataTransferOrigin="2">
	<LGP A="LGP-1" B="1" E="Device UUIDs">
		<LNK A="DVC-2000000" B="17413280-67aa-47a2-a5b6-d5c5d239c553" C="Trip Computer Data"/>
	</LGP>
	<LGP A="LGP-2" B="1" E="Device UUIDs">
		<LNK A="DVC-5000000" B="1918703e-1e27-4c81-8d46-040a90525fb6" C="Vehicle Geometry"/>
	</LGP>
	<LGP A="LGP-3" B="1" E="Device UUIDs">
		<LNK A="DVC-1" B="e6758e4f-e884-46b7-9cf3-6d732a316e37" C="Case IH Planter"/>
	</LGP>
</ISO11783LinkList>
