<?xml version="1.0" encoding="UTF-8"?>
<ISO11783_TaskData VersionMajor="4" VersionMinor="2" ManagementSoftwareManufacturer="CNH Industrial N.V." ManagementSoftwareVersion="03.01.12.0" TaskControllerManufacturer="CNH Industrial N.V." TaskControllerVersion="2021.3.2" DataTransferOrigin="2" P094_XML_VERSION="1" P094_ADDITIONAL="2021.03.02 41.0.10 03.01.12.0">
	<AFE A="LINKLIST.XML" B="1" C="SAE1939:094" D="1"/>
	<AFE A="VEHICLE.JSN" B="1" C="SAE1939:094" D="128"/>
	<AFE A="COV-2.BIN" B="1" C="SAE1939:094" D="171"/>
	<AFE A="VAR-2.BIN" B="1" C="SAE1939:094" D="171"/>
	<CPC A="CPC-1" B="PLANTING"/>
	<CTR A="CTR-1" B="NGMA-2125 Demo"/>
	<DVC A="DVC-1" B="Case IH Planter" C="0.0.0.12" D="A00884000BC18A08" E="1910100872" F="01002D180C007B" G="FF565A035F6E65">
		<DET A="DET-1" B="1" C="1" D="2000 Series Planter" E="0" F="0">
			<DOR A="2"/>
			<DOR A="3"/>
			<DOR A="4"/>
		</DET>
		<DET A="DET-2" B="6" C="6" D="Connector" E="1" F="1">
			<DOR A="7"/>
			<DOR A="9"/>
			<DOR A="10"/>
			<DOR A="11"/>
		</DET>
		<DET A="DET-3" B="12" C="2" D="Seed Boom" E="2" F="1">
			<DOR A="13"/>
			<DOR A="3"/>
			<DOR A="14"/>
			<DOR A="15"/>
			<DOR A="10"/>
			<DOR A="16"/>
			<DOR A="18"/>
			<DOR A="19"/>
			<DOR A="20"/>
			<DOR A="21"/>
			<DOR A="22"/>
			<DOR A="24"/>
			<DOR A="25"/>
			<DOR A="4"/>
			<DOR A="27"/>
			<DOR A="28"/>
			<DOR A="30"/>
			<DOR A="31"/>
			<DOR A="32"/>
			<DOR A="33"/>
			<DOR A="34"/>
			<DOR A="35"/>
			<DOR A="36"/>
			<DOR A="37"/>
			<DOR A="38"/>
		</DET>
		<DET A="DET-4" B="53" C="2" D="Seed Sub Boom 1" E="19" F="12">
			<DOR A="14"/>
			<DOR A="10"/>
			<DOR A="16"/>
			<DOR A="18"/>
			<DOR A="4"/>
			<DOR A="27"/>
		</DET>
		<DET A="DET-5" B="54" C="2" D="Seed Sub Boom 2" E="20" F="12">
			<DOR A="14"/>
			<DOR A="10"/>
			<DOR A="16"/>
			<DOR A="18"/>
			<DOR A="4"/>
			<DOR A="27"/>
		</DET>
		<DET A="DET-6" B="55" C="2" D="Seed Sub Boom 3" E="273" F="12">
			<DOR A="14"/>
			<DOR A="10"/>
			<DOR A="16"/>
			<DOR A="18"/>
			<DOR A="4"/>
			<DOR A="27"/>
		</DET>
		<DET A="DET-7" B="56" C="2" D="Seed Sub Boom 4" E="274" F="12">
			<DOR A="14"/>
			<DOR A="10"/>
			<DOR A="16"/>
			<DOR A="18"/>
			<DOR A="4"/>
			<DOR A="27"/>
		</DET>
		<DET A="DET-8" B="130" C="4" D="Seed Section/Row 1" E="321" F="53">
			<DOR A="94"/>
			<DOR A="14"/>
			<DOR A="15"/>
			<DOR A="10"/>
		</DET>
		<DET A="DET-9" B="131" C="4" D="Seed Section/Row 2" E="322" F="53">
			<DOR A="94"/>
			<DOR A="14"/>
			<DOR A="15"/>
			<DOR A="10"/>
		</DET>
		<DET A="DET-10" B="132" C="4" D="Seed Section/Row 3" E="323" F="53">
			<DOR A="94"/>
			<DOR A="14"/>
			<DOR A="15"/>
			<DOR A="10"/>
		</DET>
		<DET A="DET-11" B="133" C="4" D="Seed Section/Row 4" E="324" F="53">
			<DOR A="94"/>
			<DOR A="14"/>
			<DOR A="15"/>
			<DOR A="10"/>
		</DET>
		<DET A="DET-12" B="134" C="4" D="Seed Section/Row 5" E="325" F="53">
			<DOR A="94"/>
			<DOR A="14"/>
			<DOR A="15"/>
			<DOR A="10"/>
		</DET>
		<DET A="DET-13" B="135" C="4" D="Seed Section/Row 6" E="326" F="53">
			<DOR A="94"/>
			<DOR A="14"/>
			<DOR A="15"/>
			<DOR A="10"/>
		</DET>
		<DET A="DET-14" B="136" C="4" D="Seed Section/Row 7" E="327" F="54">
			<DOR A="94"/>
			<DOR A="14"/>
			<DOR A="15"/>
			<DOR A="10"/>
		</DET>
		<DET A="DET-15" B="137" C="4" D="Seed Section/Row 8" E="328" F="54">
			<DOR A="94"/>
			<DOR A="14"/>
			<DOR A="15"/>
			<DOR A="10"/>
		</DET>
		<DET A="DET-16" B="138" C="4" D="Seed Section/Row 9" E="329" F="54">
			<DOR A="94"/>
			<DOR A="14"/>
			<DOR A="15"/>
			<DOR A="10"/>
		</DET>
		<DET A="DET-17" B="139" C="4" D="Seed Section/Row 10" E="330" F="54">
			<DOR A="94"/>
			<DOR A="14"/>
			<DOR A="15"/>
			<DOR A="10"/>
		</DET>
		<DET A="DET-18" B="140" C="4" D="Seed Section/Row 11" E="331" F="54">
			<DOR A="94"/>
			<DOR A="14"/>
			<DOR A="15"/>
			<DOR A="10"/>
		</DET>
		<DET A="DET-19" B="141" C="4" D="Seed Section/Row 12" E="332" F="54">
			<DOR A="94"/>
			<DOR A="14"/>
			<DOR A="15"/>
			<DOR A="10"/>
		</DET>
		<DET A="DET-20" B="142" C="4" D="Seed Section/Row 13" E="333" F="55">
			<DOR A="94"/>
			<DOR A="14"/>
			<DOR A="15"/>
			<DOR A="10"/>
		</DET>
		<DET A="DET-21" B="143" C="4" D="Seed Section/Row 14" E="334" F="55">
			<DOR A="94"/>
			<DOR A="14"/>
			<DOR A="15"/>
			<DOR A="10"/>
		</DET>
		<DET A="DET-22" B="144" C="4" D="Seed Section/Row 15" E="335" F="55">
			<DOR A="94"/>
			<DOR A="14"/>
			<DOR A="15"/>
			<DOR A="10"/>
		</DET>
		<DET A="DET-23" B="145" C="4" D="Seed Section/Row 16" E="336" F="55">
			<DOR A="94"/>
			<DOR A="14"/>
			<DOR A="15"/>
			<DOR A="10"/>
		</DET>
		<DET A="DET-24" B="146" C="4" D="Seed Section/Row 17" E="337" F="55">
			<DOR A="94"/>
			<DOR A="14"/>
			<DOR A="15"/>
			<DOR A="10"/>
		</DET>
		<DET A="DET-25" B="147" C="4" D="Seed Section/Row 18" E="338" F="55">
			<DOR A="94"/>
			<DOR A="14"/>
			<DOR A="15"/>
			<DOR A="10"/>
		</DET>
		<DET A="DET-26" B="148" C="4" D="Seed Section/Row 19" E="65" F="56">
			<DOR A="94"/>
			<DOR A="14"/>
			<DOR A="15"/>
			<DOR A="10"/>
		</DET>
		<DET A="DET-27" B="149" C="4" D="Seed Section/Row 20" E="66" F="56">
			<DOR A="94"/>
			<DOR A="14"/>
			<DOR A="15"/>
			<DOR A="10"/>
		</DET>
		<DET A="DET-28" B="150" C="4" D="Seed Section/Row 21" E="67" F="56">
			<DOR A="94"/>
			<DOR A="14"/>
			<DOR A="15"/>
			<DOR A="10"/>
		</DET>
		<DET A="DET-29" B="151" C="4" D="Seed Section/Row 22" E="68" F="56">
			<DOR A="94"/>
			<DOR A="14"/>
			<DOR A="15"/>
			<DOR A="10"/>
		</DET>
		<DET A="DET-30" B="152" C="4" D="Seed Section/Row 23" E="69" F="56">
			<DOR A="94"/>
			<DOR A="14"/>
			<DOR A="15"/>
			<DOR A="10"/>
		</DET>
		<DET A="DET-31" B="153" C="4" D="Seed Section/Row 24" E="70" F="56">
			<DOR A="94"/>
			<DOR A="14"/>
			<DOR A="15"/>
			<DOR A="10"/>
		</DET>
		<DET A="DET-32" B="166" C="5" D="Seed Unit/Row 1" E="369" F="130">
			<DOR A="14"/>
			<DOR A="10"/>
			<DOR A="18"/>
			<DOR A="167"/>
			<DOR A="169"/>
			<DOR A="170"/>
			<DOR A="171"/>
			<DOR A="173"/>
			<DOR A="174"/>
			<DOR A="175"/>
			<DOR A="176"/>
			<DOR A="177"/>
		</DET>
		<DET A="DET-33" B="178" C="5" D="Seed Unit/Row 2" E="370" F="131">
			<DOR A="14"/>
			<DOR A="10"/>
			<DOR A="18"/>
			<DOR A="167"/>
			<DOR A="169"/>
			<DOR A="170"/>
			<DOR A="171"/>
			<DOR A="173"/>
			<DOR A="174"/>
			<DOR A="175"/>
			<DOR A="176"/>
			<DOR A="177"/>
		</DET>
		<DET A="DET-34" B="179" C="5" D="Seed Unit/Row 3" E="371" F="132">
			<DOR A="14"/>
			<DOR A="10"/>
			<DOR A="18"/>
			<DOR A="167"/>
			<DOR A="169"/>
			<DOR A="170"/>
			<DOR A="171"/>
			<DOR A="173"/>
			<DOR A="174"/>
			<DOR A="175"/>
			<DOR A="176"/>
			<DOR A="177"/>
		</DET>
		<DET A="DET-35" B="180" C="5" D="Seed Unit/Row 4" E="372" F="133">
			<DOR A="14"/>
			<DOR A="10"/>
			<DOR A="18"/>
			<DOR A="167"/>
			<DOR A="169"/>
			<DOR A="170"/>
			<DOR A="171"/>
			<DOR A="173"/>
			<DOR A="174"/>
			<DOR A="175"/>
			<DOR A="176"/>
			<DOR A="177"/>
		</DET>
		<DET A="DET-36" B="181" C="5" D="Seed Unit/Row 5" E="373" F="134">
			<DOR A="14"/>
			<DOR A="10"/>
			<DOR A="18"/>
			<DOR A="167"/>
			<DOR A="169"/>
			<DOR A="170"/>
			<DOR A="171"/>
			<DOR A="173"/>
			<DOR A="174"/>
			<DOR A="175"/>
			<DOR A="176"/>
			<DOR A="177"/>
		</DET>
		<DET A="DET-37" B="182" C="5" D="Seed Unit/Row 6" E="374" F="135">
			<DOR A="14"/>
			<DOR A="10"/>
			<DOR A="18"/>
			<DOR A="167"/>
			<DOR A="169"/>
			<DOR A="170"/>
			<DOR A="171"/>
			<DOR A="173"/>
			<DOR A="174"/>
			<DOR A="175"/>
			<DOR A="176"/>
			<DOR A="177"/>
		</DET>
		<DET A="DET-38" B="183" C="5" D="Seed Unit/Row 7" E="375" F="136">
			<DOR A="14"/>
			<DOR A="10"/>
			<DOR A="18"/>
			<DOR A="167"/>
			<DOR A="169"/>
			<DOR A="170"/>
			<DOR A="171"/>
			<DOR A="173"/>
			<DOR A="174"/>
			<DOR A="175"/>
			<DOR A="176"/>
			<DOR A="177"/>
		</DET>
		<DET A="DET-39" B="184" C="5" D="Seed Unit/Row 8" E="376" F="137">
			<DOR A="14"/>
			<DOR A="10"/>
			<DOR A="18"/>
			<DOR A="167"/>
			<DOR A="169"/>
			<DOR A="170"/>
			<DOR A="171"/>
			<DOR A="173"/>
			<DOR A="174"/>
			<DOR A="175"/>
			<DOR A="176"/>
			<DOR A="177"/>
		</DET>
		<DET A="DET-40" B="185" C="5" D="Seed Unit/Row 9" E="377" F="138">
			<DOR A="14"/>
			<DOR A="10"/>
			<DOR A="18"/>
			<DOR A="167"/>
			<DOR A="169"/>
			<DOR A="170"/>
			<DOR A="171"/>
			<DOR A="173"/>
			<DOR A="174"/>
			<DOR A="175"/>
			<DOR A="176"/>
			<DOR A="177"/>
		</DET>
		<DET A="DET-41" B="186" C="5" D="Seed Unit/Row 10" E="378" F="139">
			<DOR A="14"/>
			<DOR A="10"/>
			<DOR A="18"/>
			<DOR A="167"/>
			<DOR A="169"/>
			<DOR A="170"/>
			<DOR A="171"/>
			<DOR A="173"/>
			<DOR A="174"/>
			<DOR A="175"/>
			<DOR A="176"/>
			<DOR A="177"/>
		</DET>
		<DET A="DET-42" B="187" C="5" D="Seed Unit/Row 11" E="379" F="140">
			<DOR A="14"/>
			<DOR A="10"/>
			<DOR A="18"/>
			<DOR A="167"/>
			<DOR A="169"/>
			<DOR A="170"/>
			<DOR A="171"/>
			<DOR A="173"/>
			<DOR A="174"/>
			<DOR A="175"/>
			<DOR A="176"/>
			<DOR A="177"/>
		</DET>
		<DET A="DET-43" B="188" C="5" D="Seed Unit/Row 12" E="380" F="141">
			<DOR A="14"/>
			<DOR A="10"/>
			<DOR A="18"/>
			<DOR A="167"/>
			<DOR A="169"/>
			<DOR A="170"/>
			<DOR A="171"/>
			<DOR A="173"/>
			<DOR A="174"/>
			<DOR A="175"/>
			<DOR A="176"/>
			<DOR A="177"/>
		</DET>
		<DET A="DET-44" B="189" C="5" D="Seed Unit/Row 13" E="381" F="142">
			<DOR A="14"/>
			<DOR A="10"/>
			<DOR A="18"/>
			<DOR A="167"/>
			<DOR A="169"/>
			<DOR A="170"/>
			<DOR A="171"/>
			<DOR A="173"/>
			<DOR A="174"/>
			<DOR A="175"/>
			<DOR A="176"/>
			<DOR A="177"/>
		</DET>
		<DET A="DET-45" B="190" C="5" D="Seed Unit/Row 14" E="382" F="143">
			<DOR A="14"/>
			<DOR A="10"/>
			<DOR A="18"/>
			<DOR A="167"/>
			<DOR A="169"/>
			<DOR A="170"/>
			<DOR A="171"/>
			<DOR A="173"/>
			<DOR A="174"/>
			<DOR A="175"/>
			<DOR A="176"/>
			<DOR A="177"/>
		</DET>
		<DET A="DET-46" B="191" C="5" D="Seed Unit/Row 15" E="383" F="144">
			<DOR A="14"/>
			<DOR A="10"/>
			<DOR A="18"/>
			<DOR A="167"/>
			<DOR A="169"/>
			<DOR A="170"/>
			<DOR A="171"/>
			<DOR A="173"/>
			<DOR A="174"/>
			<DOR A="175"/>
			<DOR A="176"/>
			<DOR A="177"/>
		</DET>
		<DET A="DET-47" B="192" C="5" D="Seed Unit/Row 16" E="384" F="145">
			<DOR A="14"/>
			<DOR A="10"/>
			<DOR A="18"/>
			<DOR A="167"/>
			<DOR A="169"/>
			<DOR A="170"/>
			<DOR A="171"/>
			<DOR A="173"/>
			<DOR A="174"/>
			<DOR A="175"/>
			<DOR A="176"/>
			<DOR A="177"/>
		</DET>
		<DET A="DET-48" B="193" C="5" D="Seed Unit/Row 17" E="385" F="146">
			<DOR A="14"/>
			<DOR A="10"/>
			<DOR A="18"/>
			<DOR A="167"/>
			<DOR A="169"/>
			<DOR A="170"/>
			<DOR A="171"/>
			<DOR A="173"/>
			<DOR A="174"/>
			<DOR A="175"/>
			<DOR A="176"/>
			<DOR A="177"/>
		</DET>
		<DET A="DET-49" B="194" C="5" D="Seed Unit/Row 18" E="386" F="147">
			<DOR A="14"/>
			<DOR A="10"/>
			<DOR A="18"/>
			<DOR A="167"/>
			<DOR A="169"/>
			<DOR A="170"/>
			<DOR A="171"/>
			<DOR A="173"/>
			<DOR A="174"/>
			<DOR A="175"/>
			<DOR A="176"/>
			<DOR A="177"/>
		</DET>
		<DET A="DET-50" B="195" C="5" D="Seed Unit/Row 19" E="113" F="148">
			<DOR A="14"/>
			<DOR A="10"/>
			<DOR A="18"/>
			<DOR A="167"/>
			<DOR A="169"/>
			<DOR A="170"/>
			<DOR A="171"/>
			<DOR A="173"/>
			<DOR A="174"/>
			<DOR A="175"/>
			<DOR A="176"/>
			<DOR A="177"/>
		</DET>
		<DET A="DET-51" B="196" C="5" D="Seed Unit/Row 20" E="114" F="149">
			<DOR A="14"/>
			<DOR A="10"/>
			<DOR A="18"/>
			<DOR A="167"/>
			<DOR A="169"/>
			<DOR A="170"/>
			<DOR A="171"/>
			<DOR A="173"/>
			<DOR A="174"/>
			<DOR A="175"/>
			<DOR A="176"/>
			<DOR A="177"/>
		</DET>
		<DET A="DET-52" B="197" C="5" D="Seed Unit/Row 21" E="115" F="150">
			<DOR A="14"/>
			<DOR A="10"/>
			<DOR A="18"/>
			<DOR A="167"/>
			<DOR A="169"/>
			<DOR A="170"/>
			<DOR A="171"/>
			<DOR A="173"/>
			<DOR A="174"/>
			<DOR A="175"/>
			<DOR A="176"/>
			<DOR A="177"/>
		</DET>
		<DET A="DET-53" B="198" C="5" D="Seed Unit/Row 22" E="116" F="151">
			<DOR A="14"/>
			<DOR A="10"/>
			<DOR A="18"/>
			<DOR A="167"/>
			<DOR A="169"/>
			<DOR A="170"/>
			<DOR A="171"/>
			<DOR A="173"/>
			<DOR A="174"/>
			<DOR A="175"/>
			<DOR A="176"/>
			<DOR A="177"/>
		</DET>
		<DET A="DET-54" B="199" C="5" D="Seed Unit/Row 23" E="117" F="152">
			<DOR A="14"/>
			<DOR A="10"/>
			<DOR A="18"/>
			<DOR A="167"/>
			<DOR A="169"/>
			<DOR A="170"/>
			<DOR A="171"/>
			<DOR A="173"/>
			<DOR A="174"/>
			<DOR A="175"/>
			<DOR A="176"/>
			<DOR A="177"/>
		</DET>
		<DET A="DET-55" B="200" C="5" D="Seed Unit/Row 24" E="118" F="153">
			<DOR A="14"/>
			<DOR A="10"/>
			<DOR A="18"/>
			<DOR A="167"/>
			<DOR A="169"/>
			<DOR A="170"/>
			<DOR A="171"/>
			<DOR A="173"/>
			<DOR A="174"/>
			<DOR A="175"/>
			<DOR A="176"/>
			<DOR A="177"/>
		</DET>
		<DPD A="2" B="DFFF" C="0" D="31" E="Request Default Process Data"/>
		<DPD A="3" B="008D" C="1" D="9" E="Actual Work State"/>
		<DPD A="4" B="0046" C="0" D="8" E="Maximum Working Width" F="5"/>
		<DPD A="7" B="0086" C="0" D="8" E="Connector X-Offset" F="8"/>
		<DPD A="9" B="0108" C="0" D="8" E="Connector Pivot X-Offset" F="8"/>
		<DPD A="10" B="0087" C="0" D="8" E="Device Element Offset Y" F="8"/>
		<DPD A="11" B="009D" C="0" D="8" E="Connector Type"/>
		<DPD A="13" B="00B3" C="0" D="8" E="Actual Cultural Practice"/>
		<DPD A="14" B="0043" C="1" D="8" E="Actual Working Width" F="5"/>
		<DPD A="15" B="0086" C="0" D="8" E="Device Element Offset X" F="8"/>
		<DPD A="16" B="000B" C="2" D="9" E="Setpt Cnt/Area App Rate" F="17"/>
		<DPD A="18" B="000C" C="1" D="9" E="Actual Cnt/Area App Rate" F="17"/>
		<DPD A="19" B="000D" C="1" D="8" E="Default Cnt/Area App Rate" F="17"/>
		<DPD A="20" B="000E" C="1" D="8" E="Min Count/Area App Rate" F="17"/>
		<DPD A="21" B="000F" C="1" D="8" E="Max Count/Area App Rate" F="17"/>
		<DPD A="22" B="01AA" C="1" D="9" E="Target Gauge Wheel Force" F="23"/>
		<DPD A="24" B="00A0" C="2" D="8" E="Section Control State"/>
		<DPD A="25" B="0077" C="2" D="17" E="Effective Time" F="26"/>
		<DPD A="27" B="009E" C="2" D="8" E="Prescription Control State"/>
		<DPD A="28" B="00CD" C="2" D="8" E="SC Turn On Time" F="29"/>
		<DPD A="30" B="00CE" C="2" D="8" E="SC Turn Off Time" F="29"/>
		<DPD A="31" B="008E" C="0" D="9" E="Physical Setpoint Time Latency" F="29"/>
		<DPD A="32" B="008F" C="0" D="9" E="Time latency actual" F="29"/>
		<DPD A="33" B="00A1" C="1" D="9" E="Actual Condensed State (1-16)"/>
		<DPD A="34" B="0122" C="2" D="0" E="Setpt Condensed State (1-16)"/>
		<DPD A="35" B="016F" C="1" D="9" E="Override Section State (1-16)"/>
		<DPD A="36" B="00A2" C="1" D="9" E="Actual Condensed State (17-32)"/>
		<DPD A="37" B="0123" C="2" D="0" E="Setpt Condensed State (17-32)"/>
		<DPD A="38" B="0170" C="1" D="9" E="Override Section State (17-32)"/>
		<DPD A="94" B="009F" C="0" D="8" E="Number of Sub-Units per Section"/>
		<DPD A="167" B="019F" C="1" D="9" E="Actual Seed Singulation %" F="168"/>
		<DPD A="169" B="01A1" C="1" D="9" E="Actual Seed Skip Percentage" F="168"/>
		<DPD A="170" B="01A3" C="1" D="9" E="Actual Seed Multi Percentage" F="168"/>
		<DPD A="171" B="EA60" C="1" D="9" E="Actual Seed Release Index(SRI)" F="172"/>
		<DPD A="173" B="EA6F" C="1" D="9" E="Net Applied Force" F="23"/>
		<DPD A="174" B="01AB" C="1" D="9" E="Gauge Wheel Force" F="23"/>
		<DPD A="175" B="EA62" C="1" D="9" E="Actual Grnd Contact Percentage" F="168"/>
		<DPD A="176" B="EA63" C="1" D="9" E="Actual Good Ride Percentage" F="168"/>
		<DPD A="177" B="EA64" C="1" D="9" E="Act Good Spacing Percentage" F="168"/>
		<DVP A="5" B="0" C="0.0032808001" D="1" E="feet"/>
		<DVP A="8" B="0" C="0.0393701009" D="1" E="inches"/>
		<DVP A="17" B="0" C="0.0040468564" D="1" E="ksds/ac"/>
		<DVP A="23" B="0" C="0.2248090059" D="1" E="lbs"/>
		<DVP A="26" B="0" C="0.0166666992" D="1" E="minutes"/>
		<DVP A="29" B="0" C="0.0010000000" D="1" E="seconds"/>
		<DVP A="168" B="0" C="0.0001000000" D="1" E="%"/>
		<DVP A="172" B="0" C="0.0001000000" D="2"/>
	</DVC>
	<DVC A="DVC-2000000" B="Trip Computer Data" C="03.01.12.0" D="A000FF000BDAE780" E="597354368" F="F4010041000202" G="FF000000006E65">
		<DET A="DET-2000000" B="1" C="1" D="Trip Computer Lifetime Totals" E="0" F="0">
			<DOR A="1000"/>
			<DOR A="1001"/>
			<DOR A="1002"/>
			<DOR A="1003"/>
		</DET>
		<DET A="DET-2000001" B="2" C="6" D="Trip Computer Connector Geometry" E="1" F="1">
			<DOR A="1001"/>
			<DOR A="1002"/>
			<DOR A="1004"/>
		</DET>
		<DET A="DET-2000002" B="3" C="2" D="Trip Computer Task Totals" E="2" F="1">
			<DOR A="1000"/>
			<DOR A="1001"/>
			<DOR A="1002"/>
			<DOR A="1003"/>
			<DOR A="1005"/>
			<DOR A="1006"/>
			<DOR A="1007"/>
			<DOR A="1008"/>
			<DOR A="1009"/>
			<DOR A="1010"/>
			<DOR A="1011"/>
			<DOR A="1012"/>
			<DOR A="1013"/>
			<DOR A="1014"/>
			<DOR A="1015"/>
			<DOR A="1016"/>
			<DOR A="1017"/>
			<DOR A="1018"/>
			<DOR A="1019"/>
			<DOR A="1020"/>
			<DOR A="1021"/>
			<DOR A="1022"/>
			<DOR A="1023"/>
			<DOR A="1024"/>
			<DOR A="1025"/>
			<DOR A="1026"/>
			<DOR A="1027"/>
			<DOR A="1028"/>
		</DET>
		<DPD A="1000" B="008D" C="1" D="8" E="Actual Work State"/>
		<DPD A="1001" B="0086" C="1" D="8" E="X-Offset" F="2005"/>
		<DPD A="1002" B="0087" C="1" D="8" E="Y-Offset" F="2005"/>
		<DPD A="1003" B="0046" C="1" D="8" E="Maximum Working Width" F="2005"/>
		<DPD A="1004" B="009D" C="1" D="8" E="Connector Type"/>
		<DPD A="1005" B="F230" C="1" D="9" E="FE - Power Efficiency" F="2000"/>
		<DPD A="1006" B="F231" C="1" D="9" E="FE - Distance" F="2001"/>
		<DPD A="1007" B="0095" C="1" D="9" E="FE - Time" F="2002"/>
		<DPD A="1008" B="0096" C="1" D="9" E="FE - Area" F="2003"/>
		<DPD A="1009" B="F23E" C="1" D="9" E="Engine Power" F="2006"/>
		<DPD A="1010" B="F243" C="1" D="9" E="Wheel Slip" F="2006"/>
		<DPD A="1011" B="F232" C="1" D="9" E="AFE - Power Efficiency" F="2000"/>
		<DPD A="1012" B="F233" C="1" D="9" E="AFE - Distance" F="2001"/>
		<DPD A="1013" B="F234" C="1" D="9" E="AFE - Time" F="2002"/>
		<DPD A="1014" B="F235" C="1" D="9" E="AFE in Work - Power Efficiency" F="2000"/>
		<DPD A="1015" B="F236" C="1" D="9" E="AFE in Work - Distance" F="2001"/>
		<DPD A="1016" B="F237" C="1" D="9" E="AFE in Work - Time" F="2002"/>
		<DPD A="1017" B="F238" C="1" D="9" E="AFE in Work - Area" F="2003"/>
		<DPD A="1018" B="F239" C="1" D="9" E="Trip AFE - Power Efficiency" F="2000"/>
		<DPD A="1019" B="F23A" C="1" D="9" E="Trip AFE - Distance" F="2001"/>
		<DPD A="1020" B="F23B" C="1" D="9" E="Trip AFE - Time" F="2002"/>
		<DPD A="1021" B="F23C" C="1" D="9" E="Average Fuel Economy on Road" F="2001"/>
		<DPD A="1022" B="F23F" C="1" D="9" E="Average Engine Power in Work" F="2006"/>
		<DPD A="1023" B="F242" C="1" D="9" E="Average Wheel Slip in Work" F="2006"/>
		<DPD A="1024" B="013C" C="1" D="25" E="Fuel Used in Work" F="2004"/>
		<DPD A="1025" B="013D" C="1" D="25" E="Fuel Used on Road" F="2004"/>
		<DPD A="1026" B="0094" C="1" D="25" E="Total Fuel Used" F="2004"/>
		<DPD A="1027" B="F23D" C="1" D="25" E="Trip Fuel Used" F="2004"/>
		<DPD A="1028" B="F244" C="1" D="25" E="Idle Time" F="2007"/>
		<DVP A="2000" B="0" C="0.0010000000" D="1" E="L/kWh"/>
		<DVP A="2001" B="0" C="1000.0000000000" D="1" E="km/L"/>
		<DVP A="2002" B="0" C="0.0036000000" D="1" E="L/h"/>
		<DVP A="2003" B="0" C="0.0100000000" D="1" E="L/ha"/>
		<DVP A="2004" B="0" C="0.0010000000" D="1" E="L"/>
		<DVP A="2005" B="0" C="0.1000000000" D="2" E="cm"/>
		<DVP A="2006" B="0" C="1.0000000000" D="1" E="%"/>
		<DVP A="2007" B="0" C="1.0000000000" D="1" E="s"/>
	</DVC>
	<DVC A="DVC-5000000" B="Vehicle Geometry" C="03.01.12.0" D="A002F0000BDAE780" E="597354368" F="4A4A414D47333830484C524B3031323937FFFFFFFFFFFFFFFFFFFFFFFFFF0041F403FE01000204" G="FF000000006E65">
		<DET A="DET-5000000" B="1" C="1" D="Vehicle Device Element" E="0" F="0">
			<DOR A="1000"/>
			<DOR A="1001"/>
			<DOR A="1004"/>
			<DOR A="1005"/>
			<DOR A="1006"/>
			<DOR A="1007"/>
		</DET>
		<DET A="DET-5000001" B="2" C="7" D="Vehicle Nav Element" E="1" F="1">
			<DOR A="1000"/>
			<DOR A="1001"/>
			<DOR A="1002"/>
		</DET>
		<DET A="DET-5000002" B="3" C="6" D="Vehicle Front 3pt Connector" E="2" F="1">
			<DOR A="1000"/>
			<DOR A="1001"/>
			<DOR A="1003"/>
		</DET>
		<DET A="DET-5000003" B="4" C="6" D="Vehicle Rear 3pt Connector" E="3" F="1">
			<DOR A="1000"/>
			<DOR A="1001"/>
			<DOR A="1003"/>
		</DET>
		<DET A="DET-5000004" B="5" C="6" D="Vehicle Drawbar Connector" E="4" F="1">
			<DOR A="1000"/>
			<DOR A="1001"/>
			<DOR A="1003"/>
		</DET>
		<DPD A="1000" B="0086" C="1" D="8" E="X-Offset" F="2000"/>
		<DPD A="1001" B="0087" C="1" D="8" E="Y-Offset" F="2000"/>
		<DPD A="1002" B="0088" C="1" D="8" E="Z-Offset" F="2000"/>
		<DPD A="1003" B="009D" C="1" D="8" E="Connector Type"/>
		<DPD A="1004" B="F424" C="1" D="8" E="Wheelbase" F="2000"/>
		<DPD A="1005" B="F425" C="1" D="8" E="Track Spacing" F="2000"/>
		<DPD A="1006" B="0252" C="1" D="8" E="Steering Type"/>
		<DPD A="1007" B="0251" C="1" D="8" E="Traction Type"/>
		<DVP A="2000" B="0" C="0.1000000000" D="1" E="cm"/>
	</DVC>
	<FRM A="FRM-1" B="Queenwood" I="CTR-1"/>
	<PDT A="PDT-1" B="Christopher Robin Product" F="1" P094_Product_Form="4" P094_Crop_Type="1" P094_Product_Rate1Value="4.447896858" P094_Product_Rate2Value="8.401582973" P094_Product_MinRateValue="4.447896858" P094_Product_MaxRateValue="8.401582954" P094_Product_DeltaRateValue="0.741316143" P094_ProductUnits="32" P094_Product_PackageUnits="16" P094_Product_Density_Units="0" P094_Product_UnitDensityUnits="0" P094_ProductColor="4:B66DFF" P094_FormLock="1" P094_CropTypeLock="1"/>
	<PDT A="PDT-2" B="Left Hand Seed" F="1" P094_Product_Form="4" P094_Crop_Type="1" P094_Product_Rate1Value="4.447896870" P094_Product_Rate2Value="7.413161450" P094_Product_MinRateValue="4.447896870" P094_Product_MaxRateValue="9.266451810" P094_Product_DeltaRateValue="0.247105380" P094_ProductUnits="32" P094_Product_PackageUnits="0" P094_Product_Density_Units="0" P094_Product_UnitDensityUnits="0" P094_ProductColor="2:24FE23"/>
	<PDT A="PDT-3" B="Water" F="1" P094_Product_Form="2" P094_Product_Rate1Value="0.009353950000" P094_Product_Rate2Value="0.023384880000" P094_Product_MinRateValue="0.000000000000" P094_Product_MaxRateValue="0.029231100000" P094_Product_DeltaRateValue="0.000935400000" P094_ProductUnits="0" P094_Product_PackageUnits="0" P094_Product_Density_Units="0"/>
	<PDT A="PDT-4" B="Christopher Robin Product 2" F="1" P094_Product_Form="4" P094_Crop_Type="1" P094_Product_Rate1Value="4.447896870" P094_Product_Rate2Value="8.401582970" P094_Product_MinRateValue="0.000000000000" P094_Product_MaxRateValue="10.501978720" P094_Product_DeltaRateValue="0.247105380" P094_ProductUnits="32" P094_Product_PackageUnits="0" P094_Product_Density_Units="0" P094_Product_UnitDensityUnits="0" P094_ProductColor="5:004949" P094_FormLock="1" P094_CropTypeLock="1"/>
	<PDT A="PDT-5" B="DK7557" F="1" P094_Product_Form="4" P094_Crop_Type="1" P094_Product_Rate1Value="4.447896858" P094_Product_Rate2Value="7.413161447" P094_Product_MinRateValue="4.447896858" P094_Product_MaxRateValue="7.413161430" P094_Product_DeltaRateValue="0.494210762" P094_ProductUnits="32" P094_Product_PackageUnits="16" P094_Product_Density_Units="0" P094_Product_UnitDensityUnits="0" P094_ProductColor="1:920000"/>
	<PDT A="PDT-6" B="Corn 15&quot; Overlap" F="1" P094_Product_Form="4" P094_Crop_Type="1" P094_Product_Rate1Value="6.177634540" P094_Product_Rate2Value="24.710538160" P094_Product_MinRateValue="0.000000000000" P094_Product_MaxRateValue="30.888172700" P094_Product_DeltaRateValue="0.247105380" P094_ProductUnits="32" P094_Product_PackageUnits="16" P094_Product_Density_Units="0" P094_Product_UnitDensityUnits="0" P094_ProductColor="1:920000"/>
	<PDT A="PDT-7" B="Corn 30&quot;" F="1" P094_Product_Form="4" P094_Crop_Type="1" P094_Product_Rate1Value="4.200791490" P094_Product_Rate2Value="8.401582970" P094_Product_MinRateValue="0.000000000000" P094_Product_MaxRateValue="10.501978720" P094_Product_DeltaRateValue="0.247105380" P094_ProductUnits="32" P094_Product_PackageUnits="0" P094_Product_Density_Units="0" P094_Product_UnitDensityUnits="0" P094_ProductColor="2:24FE23"/>
	<PDT A="PDT-8" B="Corn 15&quot;" F="1" P094_Product_Form="4" P094_Crop_Type="1" P094_Product_Rate1Value="7.413161450" P094_Product_Rate2Value="14.826322890" P094_Product_MinRateValue="0.000000000000" P094_Product_MaxRateValue="18.532903620" P094_Product_DeltaRateValue="0.247105380" P094_ProductUnits="32" P094_Product_PackageUnits="0" P094_Product_Density_Units="0" P094_Product_UnitDensityUnits="0" P094_ProductColor="3:F76D00"/>
	<PDT A="PDT-9" B="Corn 30&quot; Overlap" F="1" P094_Product_Form="4" P094_Crop_Type="1" P094_Product_Rate1Value="3.706580720" P094_Product_Rate2Value="12.355269080" P094_Product_MinRateValue="0.000000000000" P094_Product_MaxRateValue="19.891983210" P094_Product_DeltaRateValue="0.247105380" P094_ProductUnits="32" P094_Product_PackageUnits="16" P094_Product_Density_Units="0" P094_Product_UnitDensityUnits="0" P094_ProductColor="1:920000"/>
	<PDT A="PDT-10" B="Right Hand Seed" F="1" P094_Product_Form="4" P094_Crop_Type="1" P094_Product_Rate1Value="4.447896870" P094_Product_Rate2Value="7.413161450" P094_Product_MinRateValue="4.447896870" P094_Product_MaxRateValue="9.266451810" P094_Product_DeltaRateValue="0.247105380" P094_ProductUnits="32" P094_Product_PackageUnits="0" P094_Product_Density_Units="0" P094_Product_UnitDensityUnits="0" P094_ProductColor="3:F76D00"/>
	<PFD A="PFD-1" C="2" D="399881" E="CTR-1" F="FRM-1">
		<GGP A="GGP-1" B="Heading_221021_1" P094_GuidanceGroupType="0" P094_MapTransformationType="0">
			<GPN A="GPN-1" B="Heading_221021_1" C="2" E="1" F="1" G="270.0000">
				<LSG A="5">
					<PNT A="6" C="40.5952108021" D="-89.5034642150"/>
				</LSG>
			</GPN>
		</GGP>
		<PLN A="1" E="PLN-1">
			<LSG A="1" B="Outer_221021_1" P094_Impassable="0" P094_Subtype="0">
				<PNT A="2" C="40.5913183472" D="-89.5048419970"/>
				<PNT A="2" C="40.5913162509" D="-89.5048004935"/>
				<PNT A="2" C="40.5913167534" D="-89.5047406588"/>
				<PNT A="2" C="40.5913178082" D="-89.5046800997"/>
				<PNT A="2" C="40.5913183979" D="-89.5046199214"/>
				<PNT A="2" C="40.5913187272" D="-89.5045607380"/>
				<PNT A="2" C="40.5913190551" D="-89.5044999724"/>
				<PNT A="2" C="40.5913194444" D="-89.5044401651"/>
				<PNT A="2" C="40.5913205189" D="-89.5043800431"/>
				<PNT A="2" C="40.5913230288" D="-89.5043191628"/>
				<PNT A="2" C="40.5913265956" D="-89.5042592720"/>
				<PNT A="2" C="40.5913299515" D="-89.5041984751"/>
				<PNT A="2" C="40.5913322348" D="-89.5041376195"/>
				<PNT A="2" C="40.5913336905" D="-89.5040766242"/>
				<PNT A="2" C="40.5913339355" D="-89.5040172614"/>
				<PNT A="2" C="40.5913328667" D="-89.5039558917"/>
				<PNT A="2" C="40.5913313352" D="-89.5038961799"/>
				<PNT A="2" C="40.5913275939" D="-89.5038365894"/>
				<PNT A="2" C="40.5913148878" D="-89.5037791594"/>
				<PNT A="2" C="40.5912843759" D="-89.5037349909"/>
				<PNT A="2" C="40.5912404229" D="-89.5037220632"/>
				<PNT A="2" C="40.5911947469" D="-89.5037245392"/>
				<PNT A="2" C="40.5911494918" D="-89.5037265360"/>
				<PNT A="2" C="40.5911056536" D="-89.5037249582"/>
				<PNT A="2" C="40.5910618153" D="-89.5037233804"/>
				<PNT A="2" C="40.5910179771" D="-89.5037218026"/>
				<PNT A="2" C="40.5909741389" D="-89.5037202248"/>
				<PNT A="2" C="40.5909303007" D="-89.5037186470"/>
				<PNT A="2" C="40.5908864625" D="-89.5037170692"/>
				<PNT A="2" C="40.5908426243" D="-89.5037154914"/>
				<PNT A="2" C="40.5907987861" D="-89.5037139136"/>
				<PNT A="2" C="40.5907549479" D="-89.5037123358"/>
				<PNT A="2" C="40.5907111097" D="-89.5037107580"/>
				<PNT A="2" C="40.5906672715" D="-89.5037091801"/>
				<PNT A="2" C="40.5906207881" D="-89.5037069270"/>
				<PNT A="2" C="40.5905750230" D="-89.5037042028"/>
				<PNT A="2" C="40.5905285278" D="-89.5037012416"/>
				<PNT A="2" C="40.5904834105" D="-89.5036985146"/>
				<PNT A="2" C="40.5904372600" D="-89.5036958769"/>
				<PNT A="2" C="40.5903913930" D="-89.5036945721"/>
				<PNT A="2" C="40.5903450530" D="-89.5036926931"/>
				<PNT A="2" C="40.5903015743" D="-89.5036891763"/>
				<PNT A="2" C="40.5902580956" D="-89.5036856595"/>
				<PNT A="2" C="40.5902146169" D="-89.5036821427"/>
				<PNT A="2" C="40.5902125439" D="-89.5036227596"/>
				<PNT A="2" C="40.5902101455" D="-89.5035631557"/>
				<PNT A="2" C="40.5902074600" D="-89.5035027522"/>
				<PNT A="2" C="40.5902055558" D="-89.5034417527"/>
				<PNT A="2" C="40.5902046227" D="-89.5033806461"/>
				<PNT A="2" C="40.5902044965" D="-89.5033202842"/>
				<PNT A="2" C="40.5902048697" D="-89.5032603968"/>
				<PNT A="2" C="40.5902055017" D="-89.5032012725"/>
				<PNT A="2" C="40.5902057201" D="-89.5031494743"/>
				<PNT A="2" C="40.5902059386" D="-89.5030976761"/>
				<PNT A="2" C="40.5902061570" D="-89.5030458779"/>
				<PNT A="2" C="40.5902523868" D="-89.5030426778"/>
				<PNT A="2" C="40.5902977457" D="-89.5030392735"/>
				<PNT A="2" C="40.5903439241" D="-89.5030372395"/>
				<PNT A="2" C="40.5903898072" D="-89.5030366903"/>
				<PNT A="2" C="40.5904354442" D="-89.5030372583"/>
				<PNT A="2" C="40.5904827100" D="-89.5030374294"/>
				<PNT A="2" C="40.5905299382" D="-89.5030371202"/>
				<PNT A="2" C="40.5905771924" D="-89.5030365557"/>
				<PNT A="2" C="40.5906242677" D="-89.5030359262"/>
				<PNT A="2" C="40.5906693714" D="-89.5030356538"/>
				<PNT A="2" C="40.5907144513" D="-89.5030358644"/>
				<PNT A="2" C="40.5907600325" D="-89.5030369894"/>
				<PNT A="2" C="40.5908053979" D="-89.5030392827"/>
				<PNT A="2" C="40.5908522121" D="-89.5030420727"/>
				<PNT A="2" C="40.5908986890" D="-89.5030443717"/>
				<PNT A="2" C="40.5909450603" D="-89.5030460904"/>
				<PNT A="2" C="40.5909917026" D="-89.5030470175"/>
				<PNT A="2" C="40.5910376723" D="-89.5030469123"/>
				<PNT A="2" C="40.5910838509" D="-89.5030451936"/>
				<PNT A="2" C="40.5911291818" D="-89.5030437423"/>
				<PNT A="2" C="40.5911757963" D="-89.5030445336"/>
				<PNT A="2" C="40.5912228333" D="-89.5030473769"/>
				<PNT A="2" C="40.5912690145" D="-89.5030507374"/>
				<PNT A="2" C="40.5913148478" D="-89.5030537489"/>
				<PNT A="2" C="40.5913602292" D="-89.5030558680"/>
				<PNT A="2" C="40.5914060346" D="-89.5030572720"/>
				<PNT A="2" C="40.5914523187" D="-89.5030582638"/>
				<PNT A="2" C="40.5914992749" D="-89.5030596217"/>
				<PNT A="2" C="40.5915455611" D="-89.5030612825"/>
				<PNT A="2" C="40.5915922947" D="-89.5030632233"/>
				<PNT A="2" C="40.5916393759" D="-89.5030645977"/>
				<PNT A="2" C="40.5916826416" D="-89.5030686025"/>
				<PNT A="2" C="40.5917259074" D="-89.5030726073"/>
				<PNT A="2" C="40.5917691731" D="-89.5030766121"/>
				<PNT A="2" C="40.5918124389" D="-89.5030806169"/>
				<PNT A="2" C="40.5918557047" D="-89.5030846218"/>
				<PNT A="2" C="40.5918989704" D="-89.5030886266"/>
				<PNT A="2" C="40.5919422362" D="-89.5030926314"/>
				<PNT A="2" C="40.5919855020" D="-89.5030966362"/>
				<PNT A="2" C="40.5920287677" D="-89.5031006410"/>
				<PNT A="2" C="40.5920720335" D="-89.5031046458"/>
				<PNT A="2" C="40.5921152992" D="-89.5031086506"/>
				<PNT A="2" C="40.5921611855" D="-89.5030988926"/>
				<PNT A="2" C="40.5922084236" D="-89.5030969623"/>
				<PNT A="2" C="40.5922554973" D="-89.5030997452"/>
				<PNT A="2" C="40.5923019244" D="-89.5031027186"/>
				<PNT A="2" C="40.5923476332" D="-89.5031046702"/>
				<PNT A="2" C="40.5923938996" D="-89.5031060396"/>
				<PNT A="2" C="40.5924402629" D="-89.5031074632"/>
				<PNT A="2" C="40.5924870952" D="-89.5031083958"/>
				<PNT A="2" C="40.5925344061" D="-89.5031084669"/>
				<PNT A="2" C="40.5925794612" D="-89.5031080061"/>
				<PNT A="2" C="40.5926265440" D="-89.5031077014"/>
				<PNT A="2" C="40.5926718045" D="-89.5031087666"/>
				<PNT A="2" C="40.5927178420" D="-89.5031098939"/>
				<PNT A="2" C="40.5927651172" D="-89.5031097924"/>
				<PNT A="2" C="40.5928120451" D="-89.5031082524"/>
				<PNT A="2" C="40.5928580161" D="-89.5031069571"/>
				<PNT A="2" C="40.5929051738" D="-89.5031068794"/>
				<PNT A="2" C="40.5929512100" D="-89.5031079398"/>
				<PNT A="2" C="40.5929962767" D="-89.5031096015"/>
				<PNT A="2" C="40.5930439305" D="-89.5031115431"/>
				<PNT A="2" C="40.5930890871" D="-89.5031138459"/>
				<PNT A="2" C="40.5931364418" D="-89.5031162788"/>
				<PNT A="2" C="40.5931838253" D="-89.5031184619"/>
				<PNT A="2" C="40.5932313252" D="-89.5031200073"/>
				<PNT A="2" C="40.5932788796" D="-89.5031211889"/>
				<PNT A="2" C="40.5933239775" D="-89.5031222410"/>
				<PNT A="2" C="40.5933716119" D="-89.5031234459"/>
				<PNT A="2" C="40.5934188528" D="-89.5031242000"/>
				<PNT A="2" C="40.5934663646" D="-89.5031241625"/>
				<PNT A="2" C="40.5935114335" D="-89.5031238913"/>
				<PNT A="2" C="40.5935583302" D="-89.5031239496"/>
				<PNT A="2" C="40.5936034904" D="-89.5031246207"/>
				<PNT A="2" C="40.5936491735" D="-89.5031256269"/>
				<PNT A="2" C="40.5936963616" D="-89.5031273681"/>
				<PNT A="2" C="40.5937416194" D="-89.5031292524"/>
				<PNT A="2" C="40.5937867331" D="-89.5031313048"/>
				<PNT A="2" C="40.5938323284" D="-89.5031339871"/>
				<PNT A="2" C="40.5938779292" D="-89.5031366762"/>
				<PNT A="2" C="40.5939235267" D="-89.5031395115"/>
				<PNT A="2" C="40.5939686343" D="-89.5031425857"/>
				<PNT A="2" C="40.5940159333" D="-89.5031451095"/>
				<PNT A="2" C="40.5940635238" D="-89.5031461431"/>
				<PNT A="2" C="40.5941113046" D="-89.5031461650"/>
				<PNT A="2" C="40.5941563551" D="-89.5031459294"/>
				<PNT A="2" C="40.5942031244" D="-89.5031457456"/>
				<PNT A="2" C="40.5942503723" D="-89.5031461813"/>
				<PNT A="2" C="40.5942961397" D="-89.5031470273"/>
				<PNT A="2" C="40.5943412986" D="-89.5031480841"/>
				<PNT A="2" C="40.5943866338" D="-89.5031488285"/>
				<PNT A="2" C="40.5944344787" D="-89.5031491950"/>
				<PNT A="2" C="40.5944797413" D="-89.5031490368"/>
				<PNT A="2" C="40.5945267189" D="-89.5031489505"/>
				<PNT A="2" C="40.5945737938" D="-89.5031490374"/>
				<PNT A="2" C="40.5946191111" D="-89.5031491620"/>
				<PNT A="2" C="40.5946645701" D="-89.5031491549"/>
				<PNT A="2" C="40.5947097623" D="-89.5031494744"/>
				<PNT A="2" C="40.5947548062" D="-89.5031496403"/>
				<PNT A="2" C="40.5948026926" D="-89.5031496431"/>
				<PNT A="2" C="40.5948479846" D="-89.5031493296"/>
				<PNT A="2" C="40.5948935556" D="-89.5031491415"/>
				<PNT A="2" C="40.5949392057" D="-89.5031493823"/>
				<PNT A="2" C="40.5949847904" D="-89.5031499872"/>
				<PNT A="2" C="40.5950299033" D="-89.5031504238"/>
				<PNT A="2" C="40.5950754339" D="-89.5031508514"/>
				<PNT A="2" C="40.5951204655" D="-89.5031510956"/>
				<PNT A="2" C="40.5951670568" D="-89.5031511218"/>
				<PNT A="2" C="40.5952121963" D="-89.5031508766"/>
				<PNT A="2" C="40.5952579829" D="-89.5031503209"/>
				<PNT A="2" C="40.5953034912" D="-89.5031494832"/>
				<PNT A="2" C="40.5953486430" D="-89.5031485358"/>
				<PNT A="2" C="40.5953938770" D="-89.5031475156"/>
				<PNT A="2" C="40.5954492382" D="-89.5031555174"/>
				<PNT A="2" C="40.5954495101" D="-89.5032158014"/>
				<PNT A="2" C="40.5954519372" D="-89.5032762706"/>
				<PNT A="2" C="40.5954530057" D="-89.5033368340"/>
				<PNT A="2" C="40.5954513450" D="-89.5033986657"/>
				<PNT A="2" C="40.5954481282" D="-89.5034610706"/>
				<PNT A="2" C="40.5954450408" D="-89.5035205054"/>
				<PNT A="2" C="40.5954422330" D="-89.5035829897"/>
				<PNT A="2" C="40.5954401961" D="-89.5036450361"/>
				<PNT A="2" C="40.5954387347" D="-89.5037045765"/>
				<PNT A="2" C="40.5954374447" D="-89.5037672353"/>
				<PNT A="2" C="40.5954366278" D="-89.5038263368"/>
				<PNT A="2" C="40.5954361645" D="-89.5038887317"/>
				<PNT A="2" C="40.5954361692" D="-89.5039508179"/>
				<PNT A="2" C="40.5954368458" D="-89.5040134391"/>
				<PNT A="2" C="40.5954378487" D="-89.5040734112"/>
				<PNT A="2" C="40.5954382563" D="-89.5041341161"/>
				<PNT A="2" C="40.5954375850" D="-89.5041951848"/>
				<PNT A="2" C="40.5954360979" D="-89.5042549477"/>
				<PNT A="2" C="40.5954347307" D="-89.5043175134"/>
				<PNT A="2" C="40.5954339465" D="-89.5043767093"/>
				<PNT A="2" C="40.5954340829" D="-89.5044394572"/>
				<PNT A="2" C="40.5954347524" D="-89.5044985888"/>
				<PNT A="2" C="40.5954357757" D="-89.5045583716"/>
				<PNT A="2" C="40.5954368110" D="-89.5046186277"/>
				<PNT A="2" C="40.5954379692" D="-89.5046785215"/>
				<PNT A="2" C="40.5954388762" D="-89.5047387548"/>
				<PNT A="2" C="40.5954392567" D="-89.5047994656"/>
				<PNT A="2" C="40.5954390783" D="-89.5048605454"/>
				<PNT A="2" C="40.5954386259" D="-89.5049208290"/>
				<PNT A="2" C="40.5954379909" D="-89.5049807912"/>
				<PNT A="2" C="40.5954374741" D="-89.5050400790"/>
				<PNT A="2" C="40.5954370813" D="-89.5050997306"/>
				<PNT A="2" C="40.5954364169" D="-89.5051618848"/>
				<PNT A="2" C="40.5954355807" D="-89.5052223326"/>
				<PNT A="2" C="40.5954344180" D="-89.5052826409"/>
				<PNT A="2" C="40.5954329963" D="-89.5053422530"/>
				<PNT A="2" C="40.5954316153" D="-89.5054019419"/>
				<PNT A="2" C="40.5954306272" D="-89.5054615460"/>
				<PNT A="2" C="40.5954302289" D="-89.5055227557"/>
				<PNT A="2" C="40.5954305638" D="-89.5055818284"/>
				<PNT A="2" C="40.5954315437" D="-89.5056426099"/>
				<PNT A="2" C="40.5954317010" D="-89.5057043822"/>
				<PNT A="2" C="40.5954311465" D="-89.5057654872"/>
				<PNT A="2" C="40.5954304232" D="-89.5058262403"/>
				<PNT A="2" C="40.5954298736" D="-89.5058867608"/>
				<PNT A="2" C="40.5954297270" D="-89.5059469117"/>
				<PNT A="2" C="40.5954299312" D="-89.5060066539"/>
				<PNT A="2" C="40.5954306425" D="-89.5060666440"/>
				<PNT A="2" C="40.5954310233" D="-89.5061274420"/>
				<PNT A="2" C="40.5954311482" D="-89.5061882028"/>
				<PNT A="2" C="40.5954312229" D="-89.5062485584"/>
				<PNT A="2" C="40.5954316882" D="-89.5063088735"/>
				<PNT A="2" C="40.5954322126" D="-89.5063690690"/>
				<PNT A="2" C="40.5954321980" D="-89.5064298756"/>
				<PNT A="2" C="40.5954313765" D="-89.5064909562"/>
				<PNT A="2" C="40.5954305967" D="-89.5065512666"/>
				<PNT A="2" C="40.5954301011" D="-89.5066114806"/>
				<PNT A="2" C="40.5954298292" D="-89.5066713853"/>
				<PNT A="2" C="40.5954297373" D="-89.5067312302"/>
				<PNT A="2" C="40.5954297738" D="-89.5067907556"/>
				<PNT A="2" C="40.5954297332" D="-89.5068519960"/>
				<PNT A="2" C="40.5954301397" D="-89.5069133649"/>
				<PNT A="2" C="40.5954314896" D="-89.5069742565"/>
				<PNT A="2" C="40.5954322000" D="-89.5070334674"/>
				<PNT A="2" C="40.5954335360" D="-89.5070928371"/>
				<PNT A="2" C="40.5954369142" D="-89.5071517443"/>
				<PNT A="2" C="40.5954414751" D="-89.5072105209"/>
				<PNT A="2" C="40.5954471301" D="-89.5072705361"/>
				<PNT A="2" C="40.5954527024" D="-89.5073319450"/>
				<PNT A="2" C="40.5954567695" D="-89.5073914078"/>
				<PNT A="2" C="40.5954589888" D="-89.5074528179"/>
				<PNT A="2" C="40.5954593567" D="-89.5075135058"/>
				<PNT A="2" C="40.5954584920" D="-89.5075740551"/>
				<PNT A="2" C="40.5954571116" D="-89.5076343015"/>
				<PNT A="2" C="40.5954556948" D="-89.5076936118"/>
				<PNT A="2" C="40.5954545658" D="-89.5077559349"/>
				<PNT A="2" C="40.5954541917" D="-89.5078187367"/>
				<PNT A="2" C="40.5954541029" D="-89.5078786098"/>
				<PNT A="2" C="40.5954538285" D="-89.5079388911"/>
				<PNT A="2" C="40.5954530605" D="-89.5079997130"/>
				<PNT A="2" C="40.5954518753" D="-89.5080600010"/>
				<PNT A="2" C="40.5954507597" D="-89.5081203449"/>
				<PNT A="2" C="40.5954501307" D="-89.5081817440"/>
				<PNT A="2" C="40.5954498193" D="-89.5082425004"/>
				<PNT A="2" C="40.5954498728" D="-89.5083040862"/>
				<PNT A="2" C="40.5954505399" D="-89.5083637480"/>
				<PNT A="2" C="40.5954516893" D="-89.5084236913"/>
				<PNT A="2" C="40.5954518592" D="-89.5084855295"/>
				<PNT A="2" C="40.5954507022" D="-89.5085465224"/>
				<PNT A="2" C="40.5954490711" D="-89.5086071274"/>
				<PNT A="2" C="40.5954482038" D="-89.5086665825"/>
				<PNT A="2" C="40.5954479159" D="-89.5087266311"/>
				<PNT A="2" C="40.5954473964" D="-89.5087877538"/>
				<PNT A="2" C="40.5954466507" D="-89.5088485869"/>
				<PNT A="2" C="40.5954460765" D="-89.5089082036"/>
				<PNT A="2" C="40.5954458484" D="-89.5089677822"/>
				<PNT A="2" C="40.5954460880" D="-89.5090302357"/>
				<PNT A="2" C="40.5954466311" D="-89.5090903616"/>
				<PNT A="2" C="40.5954472234" D="-89.5091508409"/>
				<PNT A="2" C="40.5954474040" D="-89.5092113751"/>
				<PNT A="2" C="40.5954473512" D="-89.5092714077"/>
				<PNT A="2" C="40.5954470853" D="-89.5093322218"/>
				<PNT A="2" C="40.5954468095" D="-89.5093920323"/>
				<PNT A="2" C="40.5954469303" D="-89.5094521345"/>
				<PNT A="2" C="40.5954474665" D="-89.5095120410"/>
				<PNT A="2" C="40.5954483922" D="-89.5095720608"/>
				<PNT A="2" C="40.5954492175" D="-89.5096329550"/>
				<PNT A="2" C="40.5954495697" D="-89.5096939131"/>
				<PNT A="2" C="40.5954497203" D="-89.5097538847"/>
				<PNT A="2" C="40.5954500566" D="-89.5098143180"/>
				<PNT A="2" C="40.5954502015" D="-89.5098745969"/>
				<PNT A="2" C="40.5954500029" D="-89.5099354097"/>
				<PNT A="2" C="40.5954497001" D="-89.5099957086"/>
				<PNT A="2" C="40.5954496717" D="-89.5100559821"/>
				<PNT A="2" C="40.5954495933" D="-89.5101162823"/>
				<PNT A="2" C="40.5954491896" D="-89.5101772629"/>
				<PNT A="2" C="40.5954484025" D="-89.5102383490"/>
				<PNT A="2" C="40.5954471907" D="-89.5102974853"/>
				<PNT A="2" C="40.5954460014" D="-89.5103580227"/>
				<PNT A="2" C="40.5954450530" D="-89.5104202143"/>
				<PNT A="2" C="40.5954443847" D="-89.5104804939"/>
				<PNT A="2" C="40.5954440156" D="-89.5105407798"/>
				<PNT A="2" C="40.5954438305" D="-89.5106006721"/>
				<PNT A="2" C="40.5954434935" D="-89.5106602641"/>
				<PNT A="2" C="40.5954425012" D="-89.5107205271"/>
				<PNT A="2" C="40.5954408360" D="-89.5107816540"/>
				<PNT A="2" C="40.5954386133" D="-89.5108426477"/>
				<PNT A="2" C="40.5954365440" D="-89.5109024795"/>
				<PNT A="2" C="40.5954350443" D="-89.5109619018"/>
				<PNT A="2" C="40.5954337312" D="-89.5110229278"/>
				<PNT A="2" C="40.5954319731" D="-89.5110840189"/>
				<PNT A="2" C="40.5954296637" D="-89.5111443549"/>
				<PNT A="2" C="40.5954274827" D="-89.5112041800"/>
				<PNT A="2" C="40.5954257388" D="-89.5112638909"/>
				<PNT A="2" C="40.5954247176" D="-89.5113233706"/>
				<PNT A="2" C="40.5954242405" D="-89.5113831579"/>
				<PNT A="2" C="40.5954239872" D="-89.5114431074"/>
				<PNT A="2" C="40.5954239635" D="-89.5115033557"/>
				<PNT A="2" C="40.5954243795" D="-89.5115633421"/>
				<PNT A="2" C="40.5954249899" D="-89.5116237113"/>
				<PNT A="2" C="40.5954255313" D="-89.5116842153"/>
				<PNT A="2" C="40.5954256930" D="-89.5117447440"/>
				<PNT A="2" C="40.5954260763" D="-89.5118042066"/>
				<PNT A="2" C="40.5954270206" D="-89.5118650084"/>
				<PNT A="2" C="40.5954282298" D="-89.5119251473"/>
				<PNT A="2" C="40.5954292653" D="-89.5119855553"/>
				<PNT A="2" C="40.5954299450" D="-89.5120450520"/>
				<PNT A="2" C="40.5954305862" D="-89.5121067946"/>
				<PNT A="2" C="40.5954312159" D="-89.5121675603"/>
				<PNT A="2" C="40.5954315596" D="-89.5122285947"/>
				<PNT A="2" C="40.5954318555" D="-89.5122898124"/>
				<PNT A="2" C="40.5954306154" D="-89.5123474982"/>
				<PNT A="2" C="40.5954293753" D="-89.5124051840"/>
				<PNT A="2" C="40.5954281352" D="-89.5124628697"/>
				<PNT A="2" C="40.5953826813" D="-89.5124645586"/>
				<PNT A="2" C="40.5953358892" D="-89.5124657707"/>
				<PNT A="2" C="40.5952907613" D="-89.5124667000"/>
				<PNT A="2" C="40.5952434926" D="-89.5124681304"/>
				<PNT A="2" C="40.5951972897" D="-89.5124696567"/>
				<PNT A="2" C="40.5951505766" D="-89.5124706636"/>
				<PNT A="2" C="40.5951035138" D="-89.5124706248"/>
				<PNT A="2" C="40.5950568172" D="-89.5124699955"/>
				<PNT A="2" C="40.5950109316" D="-89.5124698730"/>
				<PNT A="2" C="40.5949648259" D="-89.5124706316"/>
				<PNT A="2" C="40.5949191851" D="-89.5124715096"/>
				<PNT A="2" C="40.5948725884" D="-89.5124723222"/>
				<PNT A="2" C="40.5948261947" D="-89.5124740160"/>
				<PNT A="2" C="40.5947809452" D="-89.5124760540"/>
				<PNT A="2" C="40.5947349385" D="-89.5124770556"/>
				<PNT A="2" C="40.5946883323" D="-89.5124781746"/>
				<PNT A="2" C="40.5946416298" D="-89.5124788680"/>
				<PNT A="2" C="40.5945956112" D="-89.5124796312"/>
				<PNT A="2" C="40.5945500849" D="-89.5124809674"/>
				<PNT A="2" C="40.5945039556" D="-89.5124829663"/>
				<PNT A="2" C="40.5944575619" D="-89.5124848106"/>
				<PNT A="2" C="40.5944109923" D="-89.5124863428"/>
				<PNT A="2" C="40.5943644062" D="-89.5124870435"/>
				<PNT A="2" C="40.5943183426" D="-89.5124875156"/>
				<PNT A="2" C="40.5942721476" D="-89.5124879237"/>
				<PNT A="2" C="40.5942262442" D="-89.5124887472"/>
				<PNT A="2" C="40.5941800619" D="-89.5124893646"/>
				<PNT A="2" C="40.5941349218" D="-89.5124900001"/>
				<PNT A="2" C="40.5940895930" D="-89.5124905032"/>
				<PNT A="2" C="40.5940443042" D="-89.5124906382"/>
				<PNT A="2" C="40.5939990873" D="-89.5124906902"/>
				<PNT A="2" C="40.5939528873" D="-89.5124900601"/>
				<PNT A="2" C="40.5939071205" D="-89.5124893480"/>
				<PNT A="2" C="40.5938614885" D="-89.5124893217"/>
				<PNT A="2" C="40.5938158545" D="-89.5124901883"/>
				<PNT A="2" C="40.5937704907" D="-89.5124918837"/>
				<PNT A="2" C="40.5937245452" D="-89.5124945677"/>
				<PNT A="2" C="40.5936787683" D="-89.5124976956"/>
				<PNT A="2" C="40.5936317213" D="-89.5124994563"/>
				<PNT A="2" C="40.5935848952" D="-89.5125006382"/>
				<PNT A="2" C="40.5935389388" D="-89.5125022289"/>
				<PNT A="2" C="40.5934917485" D="-89.5125038033"/>
				<PNT A="2" C="40.5934444296" D="-89.5125049045"/>
				<PNT A="2" C="40.5933973219" D="-89.5125046400"/>
				<PNT A="2" C="40.5933499494" D="-89.5125035355"/>
				<PNT A="2" C="40.5933026529" D="-89.5125014274"/>
				<PNT A="2" C="40.5932560770" D="-89.5124988200"/>
				<PNT A="2" C="40.5932094759" D="-89.5124967446"/>
				<PNT A="2" C="40.5931635345" D="-89.5124962542"/>
				<PNT A="2" C="40.5931170123" D="-89.5124968169"/>
				<PNT A="2" C="40.5930702656" D="-89.5124980818"/>
				<PNT A="2" C="40.5930232819" D="-89.5124993919"/>
				<PNT A="2" C="40.5929759945" D="-89.5125002139"/>
				<PNT A="2" C="40.5929290070" D="-89.5125005436"/>
				<PNT A="2" C="40.5928821201" D="-89.5125009626"/>
				<PNT A="2" C="40.5928354890" D="-89.5125018565"/>
				<PNT A="2" C="40.5927891218" D="-89.5125034718"/>
				<PNT A="2" C="40.5927424585" D="-89.5125056006"/>
				<PNT A="2" C="40.5926955676" D="-89.5125076967"/>
				<PNT A="2" C="40.5926492354" D="-89.5125097543"/>
				<PNT A="2" C="40.5926024461" D="-89.5125121781"/>
				<PNT A="2" C="40.5925557105" D="-89.5125146915"/>
				<PNT A="2" C="40.5925095025" D="-89.5125174032"/>
				<PNT A="2" C="40.5924620073" D="-89.5125198642"/>
				<PNT A="2" C="40.5924144792" D="-89.5125211648"/>
				<PNT A="2" C="40.5923685658" D="-89.5125208110"/>
				<PNT A="2" C="40.5923227593" D="-89.5125172599"/>
				<PNT A="2" C="40.5922753404" D="-89.5125112796"/>
				<PNT A="2" C="40.5922295544" D="-89.5125038268"/>
				<PNT A="2" C="40.5921836798" D="-89.5124966553"/>
				<PNT A="2" C="40.5921380873" D="-89.5124907024"/>
				<PNT A="2" C="40.5920929351" D="-89.5124868672"/>
				<PNT A="2" C="40.5920467501" D="-89.5124845665"/>
				<PNT A="2" C="40.5919990181" D="-89.5124820460"/>
				<PNT A="2" C="40.5919521517" D="-89.5124754997"/>
				<PNT A="2" C="40.5919053307" D="-89.5124633352"/>
				<PNT A="2" C="40.5918625524" D="-89.5124447093"/>
				<PNT A="2" C="40.5918199345" D="-89.5124186648"/>
				<PNT A="2" C="40.5917795649" D="-89.5123885417"/>
				<PNT A="2" C="40.5917413842" D="-89.5123558041"/>
				<PNT A="2" C="40.5917042483" D="-89.5123213111"/>
				<PNT A="2" C="40.5916684207" D="-89.5122850988"/>
				<PNT A="2" C="40.5916318242" D="-89.5122464393"/>
				<PNT A="2" C="40.5915958039" D="-89.5122076172"/>
				<PNT A="2" C="40.5915594909" D="-89.5121682420"/>
				<PNT A="2" C="40.5915235895" D="-89.5121290845"/>
				<PNT A="2" C="40.5914876267" D="-89.5120907460"/>
				<PNT A="2" C="40.5914517699" D="-89.5120533646"/>
				<PNT A="2" C="40.5914151687" D="-89.5120168022"/>
				<PNT A="2" C="40.5913777706" D="-89.5119813571"/>
				<PNT A="2" C="40.5913397035" D="-89.5119467468"/>
				<PNT A="2" C="40.5913010131" D="-89.5119128056"/>
				<PNT A="2" C="40.5912623880" D="-89.5118799792"/>
				<PNT A="2" C="40.5912221154" D="-89.5118474869"/>
				<PNT A="2" C="40.5911832506" D="-89.5118171216"/>
				<PNT A="2" C="40.5911435862" D="-89.5117872641"/>
				<PNT A="2" C="40.5911035913" D="-89.5117600024"/>
				<PNT A="2" C="40.5910625132" D="-89.5117347792"/>
				<PNT A="2" C="40.5910204630" D="-89.5117110554"/>
				<PNT A="2" C="40.5909778781" D="-89.5116884058"/>
				<PNT A="2" C="40.5909344109" D="-89.5116658436"/>
				<PNT A="2" C="40.5908922418" D="-89.5116440526"/>
				<PNT A="2" C="40.5908489312" D="-89.5116216638"/>
				<PNT A="2" C="40.5908058359" D="-89.5115997452"/>
				<PNT A="2" C="40.5907622767" D="-89.5115789349"/>
				<PNT A="2" C="40.5907189168" D="-89.5115592747"/>
				<PNT A="2" C="40.5906732830" D="-89.5115409047"/>
				<PNT A="2" C="40.5906272005" D="-89.5115245688"/>
				<PNT A="2" C="40.5905834551" D="-89.5115071207"/>
				<PNT A="2" C="40.5905392480" D="-89.5114837746"/>
				<PNT A="2" C="40.5904980177" D="-89.5114568396"/>
				<PNT A="2" C="40.5904582523" D="-89.5114271777"/>
				<PNT A="2" C="40.5904189360" D="-89.5113921515"/>
				<PNT A="2" C="40.5903826526" D="-89.5113520182"/>
				<PNT A="2" C="40.5903498555" D="-89.5113073085"/>
				<PNT A="2" C="40.5903206644" D="-89.5112597858"/>
				<PNT A="2" C="40.5902943459" D="-89.5112092040"/>
				<PNT A="2" C="40.5902714376" D="-89.5111545934"/>
				<PNT A="2" C="40.5902534846" D="-89.5110966126"/>
				<PNT A="2" C="40.5902412463" D="-89.5110359339"/>
				<PNT A="2" C="40.5902344484" D="-89.5109748751"/>
				<PNT A="2" C="40.5902309290" D="-89.5109155838"/>
				<PNT A="2" C="40.5902283923" D="-89.5108540370"/>
				<PNT A="2" C="40.5902260033" D="-89.5107926827"/>
				<PNT A="2" C="40.5902236845" D="-89.5107314913"/>
				<PNT A="2" C="40.5902213418" D="-89.5106707011"/>
				<PNT A="2" C="40.5902185188" D="-89.5106104292"/>
				<PNT A="2" C="40.5902152075" D="-89.5105498793"/>
				<PNT A="2" C="40.5902120162" D="-89.5104885773"/>
				<PNT A="2" C="40.5902091371" D="-89.5104269920"/>
				<PNT A="2" C="40.5902065384" D="-89.5103657430"/>
				<PNT A="2" C="40.5902046263" D="-89.5103043211"/>
				<PNT A="2" C="40.5902030096" D="-89.5102430589"/>
				<PNT A="2" C="40.5902016101" D="-89.5101821007"/>
				<PNT A="2" C="40.5902006251" D="-89.5101207219"/>
				<PNT A="2" C="40.5902001824" D="-89.5100591246"/>
				<PNT A="2" C="40.5902002551" D="-89.5099977950"/>
				<PNT A="2" C="40.5902006797" D="-89.5099371686"/>
				<PNT A="2" C="40.5902010470" D="-89.5098767902"/>
				<PNT A="2" C="40.5902003802" D="-89.5098176463"/>
				<PNT A="2" C="40.5901992247" D="-89.5097565138"/>
				<PNT A="2" C="40.5901989230" D="-89.5096963627"/>
				<PNT A="2" C="40.5901989998" D="-89.5096360903"/>
				<PNT A="2" C="40.5901956104" D="-89.5096349718"/>
				<PNT A="2" C="40.5902067027" D="-89.5095777224"/>
				<PNT A="2" C="40.5902325528" D="-89.5095277417"/>
				<PNT A="2" C="40.5902708106" D="-89.5094948232"/>
				<PNT A="2" C="40.5903159648" D="-89.5094806269"/>
				<PNT A="2" C="40.5903616795" D="-89.5094792555"/>
				<PNT A="2" C="40.5903954817" D="-89.5094831220"/>
				<PNT A="2" C="40.5904423233" D="-89.5094861539"/>
				<PNT A="2" C="40.5904883975" D="-89.5094910792"/>
				<PNT A="2" C="40.5905346720" D="-89.5094967191"/>
				<PNT A="2" C="40.5905810581" D="-89.5095020194"/>
				<PNT A="2" C="40.5906280132" D="-89.5095066050"/>
				<PNT A="2" C="40.5906736279" D="-89.5095106058"/>
				<PNT A="2" C="40.5907191981" D="-89.5095144316"/>
				<PNT A="2" C="40.5907652843" D="-89.5095181760"/>
				<PNT A="2" C="40.5908113009" D="-89.5095220541"/>
				<PNT A="2" C="40.5908574356" D="-89.5095259596"/>
				<PNT A="2" C="40.5909031964" D="-89.5095296302"/>
				<PNT A="2" C="40.5909486731" D="-89.5095330169"/>
				<PNT A="2" C="40.5909944855" D="-89.5095360030"/>
				<PNT A="2" C="40.5910414285" D="-89.5095384863"/>
				<PNT A="2" C="40.5910877078" D="-89.5095410507"/>
				<PNT A="2" C="40.5911335645" D="-89.5095441129"/>
				<PNT A="2" C="40.5911804608" D="-89.5095461867"/>
				<PNT A="2" C="40.5912269893" D="-89.5095404160"/>
				<PNT A="2" C="40.5912676439" D="-89.5095148675"/>
				<PNT A="2" C="40.5912904813" D="-89.5094634685"/>
				<PNT A="2" C="40.5912910700" D="-89.5094043890"/>
				<PNT A="2" C="40.5912867623" D="-89.5093453502"/>
				<PNT A="2" C="40.5912844443" D="-89.5092839858"/>
				<PNT A="2" C="40.5912842015" D="-89.5092214369"/>
				<PNT A="2" C="40.5912846639" D="-89.5091594724"/>
				<PNT A="2" C="40.5912852813" D="-89.5090980236"/>
				<PNT A="2" C="40.5912855753" D="-89.5090367511"/>
				<PNT A="2" C="40.5912857862" D="-89.5089757711"/>
				<PNT A="2" C="40.5912855349" D="-89.5089148366"/>
				<PNT A="2" C="40.5912853855" D="-89.5088533166"/>
				<PNT A="2" C="40.5912853038" D="-89.5087920568"/>
				<PNT A="2" C="40.5912858138" D="-89.5087303305"/>
				<PNT A="2" C="40.5912864801" D="-89.5086692083"/>
				<PNT A="2" C="40.5912868164" D="-89.5086085363"/>
				<PNT A="2" C="40.5912866908" D="-89.5085478538"/>
				<PNT A="2" C="40.5912860565" D="-89.5084871552"/>
				<PNT A="2" C="40.5912852342" D="-89.5084258511"/>
				<PNT A="2" C="40.5912844622" D="-89.5083643454"/>
				<PNT A="2" C="40.5912839929" D="-89.5083025859"/>
				<PNT A="2" C="40.5912839211" D="-89.5082405845"/>
				<PNT A="2" C="40.5912835425" D="-89.5081800929"/>
				<PNT A="2" C="40.5912792006" D="-89.5081209207"/>
				<PNT A="2" C="40.5912636451" D="-89.5080641558"/>
				<PNT A="2" C="40.5912296579" D="-89.5080225694"/>
				<PNT A="2" C="40.5911843313" D="-89.5080073188"/>
				<PNT A="2" C="40.5911369043" D="-89.5080054975"/>
				<PNT A="2" C="40.5910914747" D="-89.5080048234"/>
				<PNT A="2" C="40.5910457850" D="-89.5080041925"/>
				<PNT A="2" C="40.5909980237" D="-89.5080015431"/>
				<PNT A="2" C="40.5909520899" D="-89.5079958794"/>
				<PNT A="2" C="40.5909066530" D="-89.5079835833"/>
				<PNT A="2" C="40.5908629461" D="-89.5079615274"/>
				<PNT A="2" C="40.5908222066" D="-89.5079292801"/>
				<PNT A="2" C="40.5907862407" D="-89.5078914011"/>
				<PNT A="2" C="40.5907528442" D="-89.5078501609"/>
				<PNT A="2" C="40.5907191374" D="-89.5078057048"/>
				<PNT A="2" C="40.5906859485" D="-89.5077607318"/>
				<PNT A="2" C="40.5906530434" D="-89.5077165089"/>
				<PNT A="2" C="40.5906203649" D="-89.5076729237"/>
				<PNT A="2" C="40.5905872079" D="-89.5076294098"/>
				<PNT A="2" C="40.5905535120" D="-89.5075861167"/>
				<PNT A="2" C="40.5905200299" D="-89.5075434673"/>
				<PNT A="2" C="40.5904861957" D="-89.5075007862"/>
				<PNT A="2" C="40.5904523995" D="-89.5074573151"/>
				<PNT A="2" C="40.5904189854" D="-89.5074134130"/>
				<PNT A="2" C="40.5903858794" D="-89.5073697730"/>
				<PNT A="2" C="40.5903530641" D="-89.5073274172"/>
				<PNT A="2" C="40.5903190969" D="-89.5072832659"/>
				<PNT A="2" C="40.5902874391" D="-89.5072374158"/>
				<PNT A="2" C="40.5902608101" D="-89.5071883465"/>
				<PNT A="2" C="40.5902403680" D="-89.5071336998"/>
				<PNT A="2" C="40.5902276604" D="-89.5070753898"/>
				<PNT A="2" C="40.5902213776" D="-89.5070135233"/>
				<PNT A="2" C="40.5902185278" D="-89.5069537014"/>
				<PNT A="2" C="40.5902172567" D="-89.5068909792"/>
				<PNT A="2" C="40.5902171091" D="-89.5068285131"/>
				<PNT A="2" C="40.5902175451" D="-89.5067662714"/>
				<PNT A="2" C="40.5902183072" D="-89.5067042430"/>
				<PNT A="2" C="40.5902187526" D="-89.5066428686"/>
				<PNT A="2" C="40.5902187730" D="-89.5065814725"/>
				<PNT A="2" C="40.5902181793" D="-89.5065202223"/>
				<PNT A="2" C="40.5902174772" D="-89.5064581731"/>
				<PNT A="2" C="40.5902170979" D="-89.5063964447"/>
				<PNT A="2" C="40.5902166206" D="-89.5063348528"/>
				<PNT A="2" C="40.5902159850" D="-89.5062734729"/>
				<PNT A="2" C="40.5902152308" D="-89.5062115212"/>
				<PNT A="2" C="40.5902146163" D="-89.5061497237"/>
				<PNT A="2" C="40.5902142267" D="-89.5060879876"/>
				<PNT A="2" C="40.5902139173" D="-89.5060263932"/>
				<PNT A="2" C="40.5902141213" D="-89.5059642242"/>
				<PNT A="2" C="40.5902149730" D="-89.5059021982"/>
				<PNT A="2" C="40.5902161759" D="-89.5058408173"/>
				<PNT A="2" C="40.5902175098" D="-89.5057791894"/>
				<PNT A="2" C="40.5902182717" D="-89.5057188347"/>
				<PNT A="2" C="40.5902195125" D="-89.5056572967"/>
				<PNT A="2" C="40.5902201695" D="-89.5055963530"/>
				<PNT A="2" C="40.5902203405" D="-89.5055351738"/>
				<PNT A="2" C="40.5902203373" D="-89.5054738724"/>
				<PNT A="2" C="40.5902203391" D="-89.5054123168"/>
				<PNT A="2" C="40.5902205638" D="-89.5053505820"/>
				<PNT A="2" C="40.5902208809" D="-89.5052887999"/>
				<PNT A="2" C="40.5902214719" D="-89.5052271554"/>
				<PNT A="2" C="40.5902224279" D="-89.5051654943"/>
				<PNT A="2" C="40.5902235571" D="-89.5051063164"/>
				<PNT A="2" C="40.5902257244" D="-89.5050050142"/>
				<PNT A="2" C="40.5902719452" D="-89.5050061797"/>
				<PNT A="2" C="40.5903186234" D="-89.5050069690"/>
				<PNT A="2" C="40.5903648175" D="-89.5050072638"/>
				<PNT A="2" C="40.5904105696" D="-89.5050073055"/>
				<PNT A="2" C="40.5904576486" D="-89.5050069136"/>
				<PNT A="2" C="40.5905048109" D="-89.5050058129"/>
				<PNT A="2" C="40.5905519802" D="-89.5050038680"/>
				<PNT A="2" C="40.5905972655" D="-89.5050017503"/>
				<PNT A="2" C="40.5906427569" D="-89.5049996926"/>
				<PNT A="2" C="40.5906882062" D="-89.5049984546"/>
				<PNT A="2" C="40.5907337463" D="-89.5049975174"/>
				<PNT A="2" C="40.5907790970" D="-89.5049966782"/>
				<PNT A="2" C="40.5908243133" D="-89.5049959319"/>
				<PNT A="2" C="40.5908713304" D="-89.5049947226"/>
				<PNT A="2" C="40.5909163571" D="-89.5049927208"/>
				<PNT A="2" C="40.5909615903" D="-89.5049902776"/>
				<PNT A="2" C="40.5910067759" D="-89.5049879773"/>
				<PNT A="2" C="40.5910522085" D="-89.5049852591"/>
				<PNT A="2" C="40.5910975475" D="-89.5049825690"/>
				<PNT A="2" C="40.5911427093" D="-89.5049797219"/>
				<PNT A="2" C="40.5911898535" D="-89.5049768276"/>
				<PNT A="2" C="40.5912370041" D="-89.5049729925"/>
				<PNT A="2" C="40.5912822812" D="-89.5049690652"/>
				<PNT A="2" C="40.5913278708" D="-89.5049654712"/>
				<PNT A="2" C="40.5913246962" D="-89.5049243131"/>
				<PNT A="2" C="40.5913215217" D="-89.5048831551"/>
				<PNT A="2" C="40.5913183472" D="-89.5048419970"/>
			</LSG>
		</PLN>
		<PLN A="1" E="PLN-2">
			<LSG A="2" B="Inner_221021_1" P094_Impassable="0" P094_Subtype="0">
				<PNT A="2" C="40.5918377684" D="-89.5031230380"/>
				<PNT A="2" C="40.5918815496" D="-89.5031348491"/>
				<PNT A="2" C="40.5919253309" D="-89.5031466602"/>
				<PNT A="2" C="40.5919691121" D="-89.5031584713"/>
				<PNT A="2" C="40.5920128933" D="-89.5031702824"/>
				<PNT A="2" C="40.5920566745" D="-89.5031820935"/>
				<PNT A="2" C="40.5921004557" D="-89.5031939045"/>
				<PNT A="2" C="40.5921442369" D="-89.5032057156"/>
				<PNT A="2" C="40.5921880181" D="-89.5032175267"/>
				<PNT A="2" C="40.5922240101" D="-89.5032534026"/>
				<PNT A="2" C="40.5922610291" D="-89.5032905515"/>
				<PNT A="2" C="40.5922971560" D="-89.5033289228"/>
				<PNT A="2" C="40.5923315885" D="-89.5033672645"/>
				<PNT A="2" C="40.5923670991" D="-89.5034076047"/>
				<PNT A="2" C="40.5924024225" D="-89.5034482365"/>
				<PNT A="2" C="40.5924381745" D="-89.5034890560"/>
				<PNT A="2" C="40.5924738419" D="-89.5035289795"/>
				<PNT A="2" C="40.5925096527" D="-89.5035685805"/>
				<PNT A="2" C="40.5925462301" D="-89.5036082926"/>
				<PNT A="2" C="40.5925823279" D="-89.5036468620"/>
				<PNT A="2" C="40.5926174959" D="-89.5036854557"/>
				<PNT A="2" C="40.5926524910" D="-89.5037255106"/>
				<PNT A="2" C="40.5926871345" D="-89.5037662771"/>
				<PNT A="2" C="40.5927215221" D="-89.5038076047"/>
				<PNT A="2" C="40.5927553937" D="-89.5038490161"/>
				<PNT A="2" C="40.5927887522" D="-89.5038905224"/>
				<PNT A="2" C="40.5928212497" D="-89.5039332533"/>
				<PNT A="2" C="40.5928534429" D="-89.5039772621"/>
				<PNT A="2" C="40.5928856678" D="-89.5040218296"/>
				<PNT A="2" C="40.5929185908" D="-89.5040664693"/>
				<PNT A="2" C="40.5929509923" D="-89.5041089294"/>
				<PNT A="2" C="40.5929852383" D="-89.5041532584"/>
				<PNT A="2" C="40.5930173449" D="-89.5041960718"/>
				<PNT A="2" C="40.5930491451" D="-89.5042399910"/>
				<PNT A="2" C="40.5930792567" D="-89.5042839322"/>
				<PNT A="2" C="40.5931093696" D="-89.5043290462"/>
				<PNT A="2" C="40.5931402930" D="-89.5043748719"/>
				<PNT A="2" C="40.5931716958" D="-89.5044204295"/>
				<PNT A="2" C="40.5932030842" D="-89.5044657273"/>
				<PNT A="2" C="40.5932338438" D="-89.5045103275"/>
				<PNT A="2" C="40.5932654394" D="-89.5045573348"/>
				<PNT A="2" C="40.5932946915" D="-89.5046032298"/>
				<PNT A="2" C="40.5933237008" D="-89.5046529302"/>
				<PNT A="2" C="40.5933493398" D="-89.5047025640"/>
				<PNT A="2" C="40.5933735645" D="-89.5047530192"/>
				<PNT A="2" C="40.5933974851" D="-89.5048051541"/>
				<PNT A="2" C="40.5934219563" D="-89.5048578404"/>
				<PNT A="2" C="40.5934453283" D="-89.5049102930"/>
				<PNT A="2" C="40.5934687886" D="-89.5049635739"/>
				<PNT A="2" C="40.5934921151" D="-89.5050168238"/>
				<PNT A="2" C="40.5935157410" D="-89.5050701778"/>
				<PNT A="2" C="40.5935397569" D="-89.5051234527"/>
				<PNT A="2" C="40.5935646995" D="-89.5051769608"/>
				<PNT A="2" C="40.5935904456" D="-89.5052299089"/>
				<PNT A="2" C="40.5936162456" D="-89.5052813889"/>
				<PNT A="2" C="40.5936418769" D="-89.5053326812"/>
				<PNT A="2" C="40.5936670678" D="-89.5053838680"/>
				<PNT A="2" C="40.5936923168" D="-89.5054358054"/>
				<PNT A="2" C="40.5937176253" D="-89.5054863764"/>
				<PNT A="2" C="40.5937448976" D="-89.5055368892"/>
				<PNT A="2" C="40.5937727841" D="-89.5055844323"/>
				<PNT A="2" C="40.5938026423" D="-89.5056296656"/>
				<PNT A="2" C="40.5938342859" D="-89.5056729120"/>
				<PNT A="2" C="40.5938678716" D="-89.5057146507"/>
				<PNT A="2" C="40.5939026789" D="-89.5057532918"/>
				<PNT A="2" C="40.5939381783" D="-89.5057900944"/>
				<PNT A="2" C="40.5939756688" D="-89.5058273174"/>
				<PNT A="2" C="40.5940139642" D="-89.5058645814"/>
				<PNT A="2" C="40.5940517986" D="-89.5058986813"/>
				<PNT A="2" C="40.5940910168" D="-89.5059299734"/>
				<PNT A="2" C="40.5941320130" D="-89.5059580519"/>
				<PNT A="2" C="40.5941755997" D="-89.5059819360"/>
				<PNT A="2" C="40.5942194499" D="-89.5060005644"/>
				<PNT A="2" C="40.5942657137" D="-89.5060171525"/>
				<PNT A="2" C="40.5943123563" D="-89.5060316843"/>
				<PNT A="2" C="40.5943588645" D="-89.5060448790"/>
				<PNT A="2" C="40.5944049294" D="-89.5060572957"/>
				<PNT A="2" C="40.5944503090" D="-89.5060697754"/>
				<PNT A="2" C="40.5944950499" D="-89.5060831820"/>
				<PNT A="2" C="40.5945398105" D="-89.5060983646"/>
				<PNT A="2" C="40.5945847996" D="-89.5061139749"/>
				<PNT A="2" C="40.5946289584" D="-89.5061300379"/>
				<PNT A="2" C="40.5946732308" D="-89.5061476295"/>
				<PNT A="2" C="40.5947166522" D="-89.5061668731"/>
				<PNT A="2" C="40.5947592669" D="-89.5061903285"/>
				<PNT A="2" C="40.5947995842" D="-89.5062188661"/>
				<PNT A="2" C="40.5948391985" D="-89.5062527670"/>
				<PNT A="2" C="40.5948766330" D="-89.5062890241"/>
				<PNT A="2" C="40.5949136992" D="-89.5063278623"/>
				<PNT A="2" C="40.5949492951" D="-89.5063662165"/>
				<PNT A="2" C="40.5949848620" D="-89.5064052959"/>
				<PNT A="2" C="40.5950191693" D="-89.5064448885"/>
				<PNT A="2" C="40.5950534326" D="-89.5064876296"/>
				<PNT A="2" C="40.5950843091" D="-89.5065309425"/>
				<PNT A="2" C="40.5951152456" D="-89.5065760999"/>
				<PNT A="2" C="40.5951469259" D="-89.5066217649"/>
				<PNT A="2" C="40.5951778410" D="-89.5066663334"/>
				<PNT A="2" C="40.5952072015" D="-89.5067121325"/>
				<PNT A="2" C="40.5952348569" D="-89.5067604538"/>
				<PNT A="2" C="40.5952629102" D="-89.5068092340"/>
				<PNT A="2" C="40.5952917922" D="-89.5068547112"/>
				<PNT A="2" C="40.5953246897" D="-89.5068991880"/>
				<PNT A="2" C="40.5953577816" D="-89.5069420648"/>
				<PNT A="2" C="40.5953924906" D="-89.5073218196"/>
				<PNT A="2" C="40.5953600205" D="-89.5072790401"/>
				<PNT A="2" C="40.5953289948" D="-89.5072358050"/>
				<PNT A="2" C="40.5952979985" D="-89.5071918339"/>
				<PNT A="2" C="40.5952668803" D="-89.5071474254"/>
				<PNT A="2" C="40.5952359567" D="-89.5071031020"/>
				<PNT A="2" C="40.5952042569" D="-89.5070571315"/>
				<PNT A="2" C="40.5951734674" D="-89.5070130491"/>
				<PNT A="2" C="40.5951422072" D="-89.5069680037"/>
				<PNT A="2" C="40.5951103125" D="-89.5069209578"/>
				<PNT A="2" C="40.5950799862" D="-89.5068755442"/>
				<PNT A="2" C="40.5950497620" D="-89.5068302061"/>
				<PNT A="2" C="40.5950192453" D="-89.5067847140"/>
				<PNT A="2" C="40.5949885776" D="-89.5067399369"/>
				<PNT A="2" C="40.5949579877" D="-89.5066949013"/>
				<PNT A="2" C="40.5949264010" D="-89.5066496053"/>
				<PNT A="2" C="40.5948944641" D="-89.5066053281"/>
				<PNT A="2" C="40.5948608417" D="-89.5065616275"/>
				<PNT A="2" C="40.5948253911" D="-89.5065194826"/>
				<PNT A="2" C="40.5947900812" D="-89.5064822450"/>
				<PNT A="2" C="40.5947529753" D="-89.5064483081"/>
				<PNT A="2" C="40.5947134054" D="-89.5064187749"/>
				<PNT A="2" C="40.5946722640" D="-89.5063933622"/>
				<PNT A="2" C="40.5946302000" D="-89.5063715581"/>
				<PNT A="2" C="40.5945855226" D="-89.5063515530"/>
				<PNT A="2" C="40.5945402775" D="-89.5063337992"/>
				<PNT A="2" C="40.5944944929" D="-89.5063179082"/>
				<PNT A="2" C="40.5944501957" D="-89.5063034683"/>
				<PNT A="2" C="40.5944038893" D="-89.5062873531"/>
				<PNT A="2" C="40.5943592237" D="-89.5062702063"/>
				<PNT A="2" C="40.5943133387" D="-89.5062533180"/>
				<PNT A="2" C="40.5942683703" D="-89.5062382591"/>
				<PNT A="2" C="40.5942229743" D="-89.5062242951"/>
				<PNT A="2" C="40.5941791236" D="-89.5062107501"/>
				<PNT A="2" C="40.5941336881" D="-89.5061950395"/>
				<PNT A="2" C="40.5940887186" D="-89.5061765652"/>
				<PNT A="2" C="40.5940451618" D="-89.5061538724"/>
				<PNT A="2" C="40.5939658685" D="-89.5060940415"/>
				<PNT A="2" C="40.5939492145" D="-89.5061311197"/>
				<PNT A="2" C="40.5939325605" D="-89.5061681978"/>
				<PNT A="2" C="40.5939159065" D="-89.5062052760"/>
				<PNT A="2" C="40.5939029805" D="-89.5062626305"/>
				<PNT A="2" C="40.5938944431" D="-89.5063219376"/>
				<PNT A="2" C="40.5938906511" D="-89.5063833365"/>
				<PNT A="2" C="40.5938902129" D="-89.5064459818"/>
				<PNT A="2" C="40.5938899947" D="-89.5065052643"/>
				<PNT A="2" C="40.5938896457" D="-89.5065666263"/>
				<PNT A="2" C="40.5938892982" D="-89.5066267290"/>
				<PNT A="2" C="40.5938892203" D="-89.5066882808"/>
				<PNT A="2" C="40.5938893957" D="-89.5067491183"/>
				<PNT A="2" C="40.5938895152" D="-89.5068100600"/>
				<PNT A="2" C="40.5938895117" D="-89.5068710890"/>
				<PNT A="2" C="40.5938894501" D="-89.5069302649"/>
				<PNT A="2" C="40.5938892451" D="-89.5069916150"/>
				<PNT A="2" C="40.5938887541" D="-89.5070524006"/>
				<PNT A="2" C="40.5938879597" D="-89.5071133488"/>
				<PNT A="2" C="40.5938870761" D="-89.5071766288"/>
				<PNT A="2" C="40.5938864350" D="-89.5072378755"/>
				<PNT A="2" C="40.5938855645" D="-89.5072987611"/>
				<PNT A="2" C="40.5938845488" D="-89.5073578727"/>
				<PNT A="2" C="40.5938836874" D="-89.5074193487"/>
				<PNT A="2" C="40.5938832260" D="-89.5074804926"/>
				<PNT A="2" C="40.5938826260" D="-89.5075412028"/>
				<PNT A="2" C="40.5938816399" D="-89.5076020310"/>
				<PNT A="2" C="40.5938803108" D="-89.5076634159"/>
				<PNT A="2" C="40.5938788352" D="-89.5077245581"/>
				<PNT A="2" C="40.5938768606" D="-89.5077843804"/>
				<PNT A="2" C="40.5938741795" D="-89.5078441944"/>
				<PNT A="2" C="40.5938710191" D="-89.5079054730"/>
				<PNT A="2" C="40.5938696182" D="-89.5079665386"/>
				<PNT A="2" C="40.5938728341" D="-89.5080257866"/>
				<PNT A="2" C="40.5938833592" D="-89.5080858862"/>
				<PNT A="2" C="40.5938999160" D="-89.5081423626"/>
				<PNT A="2" C="40.5939186587" D="-89.5081966886"/>
				<PNT A="2" C="40.5939347567" D="-89.5082548799"/>
				<PNT A="2" C="40.5939437429" D="-89.5083152869"/>
				<PNT A="2" C="40.5939474654" D="-89.5083758472"/>
				<PNT A="2" C="40.5939487363" D="-89.5084372444"/>
				<PNT A="2" C="40.5939494767" D="-89.5084990312"/>
				<PNT A="2" C="40.5939503225" D="-89.5085593655"/>
				<PNT A="2" C="40.5939509863" D="-89.5086217858"/>
				<PNT A="2" C="40.5939512080" D="-89.5086812902"/>
				<PNT A="2" C="40.5939512958" D="-89.5087410706"/>
				<PNT A="2" C="40.5939511609" D="-89.5088011222"/>
				<PNT A="2" C="40.5939510409" D="-89.5088636421"/>
				<PNT A="2" C="40.5939512436" D="-89.5089244336"/>
				<PNT A="2" C="40.5939520005" D="-89.5089871749"/>
				<PNT A="2" C="40.5939530399" D="-89.5090514975"/>
				<PNT A="2" C="40.5939545954" D="-89.5091122572"/>
				<PNT A="2" C="40.5939563781" D="-89.5091724582"/>
				<PNT A="2" C="40.5939579201" D="-89.5092325817"/>
				<PNT A="2" C="40.5939590539" D="-89.5092922420"/>
				<PNT A="2" C="40.5939595247" D="-89.5093519771"/>
				<PNT A="2" C="40.5939598328" D="-89.5094123140"/>
				<PNT A="2" C="40.5939607021" D="-89.5094734234"/>
				<PNT A="2" C="40.5939620617" D="-89.5095341311"/>
				<PNT A="2" C="40.5939635349" D="-89.5095939492"/>
				<PNT A="2" C="40.5939644152" D="-89.5096534340"/>
				<PNT A="2" C="40.5939642956" D="-89.5097161308"/>
				<PNT A="2" C="40.5939633096" D="-89.5097757432"/>
				<PNT A="2" C="40.5939620801" D="-89.5098357488"/>
				<PNT A="2" C="40.5939606990" D="-89.5098972970"/>
				<PNT A="2" C="40.5939591537" D="-89.5099571902"/>
				<PNT A="2" C="40.5939577430" D="-89.5100177829"/>
				<PNT A="2" C="40.5939567498" D="-89.5100783622"/>
				<PNT A="2" C="40.5939567400" D="-89.5101395430"/>
				<PNT A="2" C="40.5939578793" D="-89.5102007789"/>
				<PNT A="2" C="40.5939594254" D="-89.5102602923"/>
				<PNT A="2" C="40.5939601397" D="-89.5103207071"/>
				<PNT A="2" C="40.5939588670" D="-89.5103822325"/>
				<PNT A="2" C="40.5939565417" D="-89.5104415269"/>
				<PNT A="2" C="40.5939548328" D="-89.5105031706"/>
				<PNT A="2" C="40.5939537655" D="-89.5105646441"/>
				<PNT A="2" C="40.5939530872" D="-89.5106242109"/>
				<PNT A="2" C="40.5939524981" D="-89.5106850603"/>
				<PNT A="2" C="40.5939527379" D="-89.5107464180"/>
				<PNT A="2" C="40.5939535606" D="-89.5108068429"/>
				<PNT A="2" C="40.5939547338" D="-89.5108674102"/>
				<PNT A="2" C="40.5939558532" D="-89.5109276107"/>
				<PNT A="2" C="40.5939566869" D="-89.5109870922"/>
				<PNT A="2" C="40.5939569841" D="-89.5110465996"/>
				<PNT A="2" C="40.5939567547" D="-89.5111061483"/>
				<PNT A="2" C="40.5939564312" D="-89.5111664256"/>
				<PNT A="2" C="40.5939562559" D="-89.5112289405"/>
				<PNT A="2" C="40.5939563748" D="-89.5112890645"/>
				<PNT A="2" C="40.5939565690" D="-89.5113496026"/>
				<PNT A="2" C="40.5939567914" D="-89.5114101129"/>
				<PNT A="2" C="40.5939567618" D="-89.5114704829"/>
				<PNT A="2" C="40.5939563255" D="-89.5115303071"/>
				<PNT A="2" C="40.5939555236" D="-89.5115907605"/>
				<PNT A="2" C="40.5939545856" D="-89.5116511259"/>
				<PNT A="2" C="40.5939539337" D="-89.5117123934"/>
				<PNT A="2" C="40.5939538756" D="-89.5117732509"/>
				<PNT A="2" C="40.5939540519" D="-89.5118333863"/>
				<PNT A="2" C="40.5939547694" D="-89.5118941508"/>
				<PNT A="2" C="40.5939563630" D="-89.5119554398"/>
				<PNT A="2" C="40.5939593773" D="-89.5120170950"/>
				<PNT A="2" C="40.5939630729" D="-89.5120760161"/>
				<PNT A="2" C="40.5939664140" D="-89.5121349861"/>
				<PNT A="2" C="40.5939692087" D="-89.5121970181"/>
				<PNT A="2" C="40.5939705640" D="-89.5122585654"/>
				<PNT A="2" C="40.5939634304" D="-89.5123187836"/>
				<PNT A="2" C="40.5939346533" D="-89.5123668427"/>
				<PNT A="2" C="40.5938946183" D="-89.5123951871"/>
				<PNT A="2" C="40.5938480668" D="-89.5123990947"/>
				<PNT A="2" C="40.5938217337" D="-89.5123508994"/>
				<PNT A="2" C="40.5938195965" D="-89.5122903399"/>
				<PNT A="2" C="40.5938207504" D="-89.5122285173"/>
				<PNT A="2" C="40.5938210857" D="-89.5121678593"/>
				<PNT A="2" C="40.5938234298" D="-89.5121072459"/>
				<PNT A="2" C="40.5938270101" D="-89.5120464834"/>
				<PNT A="2" C="40.5938296827" D="-89.5119868805"/>
				<PNT A="2" C="40.5938296382" D="-89.5119259593"/>
				<PNT A="2" C="40.5938260008" D="-89.5118634979"/>
				<PNT A="2" C="40.5938200287" D="-89.5118014212"/>
				<PNT A="2" C="40.5938145566" D="-89.5117393389"/>
				<PNT A="2" C="40.5938118457" D="-89.5116800961"/>
				<PNT A="2" C="40.5938103540" D="-89.5116204244"/>
				<PNT A="2" C="40.5938085594" D="-89.5115587937"/>
				<PNT A="2" C="40.5938061420" D="-89.5114964992"/>
				<PNT A="2" C="40.5938036307" D="-89.5114352028"/>
				<PNT A="2" C="40.5938012625" D="-89.5113742295"/>
				<PNT A="2" C="40.5937992937" D="-89.5113145635"/>
				<PNT A="2" C="40.5937978696" D="-89.5112536972"/>
				<PNT A="2" C="40.5937968965" D="-89.5111910667"/>
				<PNT A="2" C="40.5937969486" D="-89.5111306102"/>
				<PNT A="2" C="40.5937976242" D="-89.5110706209"/>
				<PNT A="2" C="40.5937989173" D="-89.5110090827"/>
				<PNT A="2" C="40.5938002364" D="-89.5109475698"/>
				<PNT A="2" C="40.5938013144" D="-89.5108873473"/>
				<PNT A="2" C="40.5938023737" D="-89.5108281093"/>
				<PNT A="2" C="40.5938033472" D="-89.5107657508"/>
				<PNT A="2" C="40.5938040651" D="-89.5107045641"/>
				<PNT A="2" C="40.5938047020" D="-89.5106432566"/>
				<PNT A="2" C="40.5938053401" D="-89.5105819436"/>
				<PNT A="2" C="40.5938057174" D="-89.5105202362"/>
				<PNT A="2" C="40.5938058861" D="-89.5104591298"/>
				<PNT A="2" C="40.5938057428" D="-89.5103974395"/>
				<PNT A="2" C="40.5938052593" D="-89.5103381203"/>
				<PNT A="2" C="40.5938046519" D="-89.5102772818"/>
				<PNT A="2" C="40.5938046205" D="-89.5102164812"/>
				<PNT A="2" C="40.5938048530" D="-89.5101568830"/>
				<PNT A="2" C="40.5938058718" D="-89.5100946865"/>
				<PNT A="2" C="40.5938067098" D="-89.5100325231"/>
				<PNT A="2" C="40.5938075594" D="-89.5099708535"/>
				<PNT A="2" C="40.5938087381" D="-89.5099098644"/>
				<PNT A="2" C="40.5938098121" D="-89.5098475966"/>
				<PNT A="2" C="40.5938099590" D="-89.5097884206"/>
				<PNT A="2" C="40.5938098647" D="-89.5097291564"/>
				<PNT A="2" C="40.5938098857" D="-89.5096677448"/>
				<PNT A="2" C="40.5938100935" D="-89.5096065560"/>
				<PNT A="2" C="40.5938106206" D="-89.5095464985"/>
				<PNT A="2" C="40.5938111300" D="-89.5094847074"/>
				<PNT A="2" C="40.5938118446" D="-89.5094236544"/>
				<PNT A="2" C="40.5938127639" D="-89.5093618732"/>
				<PNT A="2" C="40.5938137817" D="-89.5093005411"/>
				<PNT A="2" C="40.5938147620" D="-89.5092389151"/>
				<PNT A="2" C="40.5938152716" D="-89.5091788963"/>
				<PNT A="2" C="40.5938151222" D="-89.5091169750"/>
				<PNT A="2" C="40.5938145767" D="-89.5090549810"/>
				<PNT A="2" C="40.5938136158" D="-89.5089930828"/>
				<PNT A="2" C="40.5938125337" D="-89.5089324215"/>
				<PNT A="2" C="40.5938116958" D="-89.5088711436"/>
				<PNT A="2" C="40.5938109218" D="-89.5088095839"/>
				<PNT A="2" C="40.5938099619" D="-89.5087498609"/>
				<PNT A="2" C="40.5938084572" D="-89.5086880323"/>
				<PNT A="2" C="40.5938066433" D="-89.5086264123"/>
				<PNT A="2" C="40.5938046790" D="-89.5085653677"/>
				<PNT A="2" C="40.5938032179" D="-89.5085060776"/>
				<PNT A="2" C="40.5938023133" D="-89.5084454510"/>
				<PNT A="2" C="40.5938019159" D="-89.5083844224"/>
				<PNT A="2" C="40.5938019314" D="-89.5083252928"/>
				<PNT A="2" C="40.5938022557" D="-89.5082633833"/>
				<PNT A="2" C="40.5938026329" D="-89.5082034365"/>
				<PNT A="2" C="40.5938029564" D="-89.5081410760"/>
				<PNT A="2" C="40.5938027754" D="-89.5080816630"/>
				<PNT A="2" C="40.5938026599" D="-89.5080223884"/>
				<PNT A="2" C="40.5938030040" D="-89.5079612150"/>
				<PNT A="2" C="40.5938039624" D="-89.5078996838"/>
				<PNT A="2" C="40.5938052224" D="-89.5078381519"/>
				<PNT A="2" C="40.5938065299" D="-89.5077767123"/>
				<PNT A="2" C="40.5938077946" D="-89.5077150649"/>
				<PNT A="2" C="40.5938089279" D="-89.5076539170"/>
				<PNT A="2" C="40.5938095139" D="-89.5075913960"/>
				<PNT A="2" C="40.5938091646" D="-89.5075299305"/>
				<PNT A="2" C="40.5938091049" D="-89.5074696621"/>
				<PNT A="2" C="40.5938098493" D="-89.5074096328"/>
				<PNT A="2" C="40.5938112555" D="-89.5073489050"/>
				<PNT A="2" C="40.5938130546" D="-89.5072898612"/>
				<PNT A="2" C="40.5938150777" D="-89.5072286598"/>
				<PNT A="2" C="40.5938164293" D="-89.5071663612"/>
				<PNT A="2" C="40.5938169885" D="-89.5071041268"/>
				<PNT A="2" C="40.5938173579" D="-89.5070424842"/>
				<PNT A="2" C="40.5938174201" D="-89.5069813859"/>
				<PNT A="2" C="40.5938174755" D="-89.5069210009"/>
				<PNT A="2" C="40.5938182951" D="-89.5068598134"/>
				<PNT A="2" C="40.5938191766" D="-89.5067996185"/>
				<PNT A="2" C="40.5938203892" D="-89.5067384679"/>
				<PNT A="2" C="40.5938211083" D="-89.5066766878"/>
				<PNT A="2" C="40.5938213401" D="-89.5066147609"/>
				<PNT A="2" C="40.5938215165" D="-89.5065530943"/>
				<PNT A="2" C="40.5938219533" D="-89.5064926012"/>
				<PNT A="2" C="40.5938228635" D="-89.5064325474"/>
				<PNT A="2" C="40.5938232620" D="-89.5063720469"/>
				<PNT A="2" C="40.5938231669" D="-89.5063114225"/>
				<PNT A="2" C="40.5938229058" D="-89.5062515810"/>
				<PNT A="2" C="40.5938239789" D="-89.5061905945"/>
				<PNT A="2" C="40.5938263722" D="-89.5061315935"/>
				<PNT A="2" C="40.5938289874" D="-89.5060700198"/>
				<PNT A="2" C="40.5938274161" D="-89.5060094994"/>
				<PNT A="2" C="40.5938160503" D="-89.5059522937"/>
				<PNT A="2" C="40.5937913802" D="-89.5058998791"/>
				<PNT A="2" C="40.5937578906" D="-89.5058563082"/>
				<PNT A="2" C="40.5937232404" D="-89.5058176735"/>
				<PNT A="2" C="40.5936897279" D="-89.5057780524"/>
				<PNT A="2" C="40.5936580026" D="-89.5057338327"/>
				<PNT A="2" C="40.5936272727" D="-89.5056875807"/>
				<PNT A="2" C="40.5935988979" D="-89.5056414075"/>
				<PNT A="2" C="40.5935705229" D="-89.5055921941"/>
				<PNT A="2" C="40.5935434728" D="-89.5055420679"/>
				<PNT A="2" C="40.5935167687" D="-89.5054903466"/>
				<PNT A="2" C="40.5934907441" D="-89.5054386583"/>
				<PNT A="2" C="40.5934658790" D="-89.5053885005"/>
				<PNT A="2" C="40.5934407994" D="-89.5053354575"/>
				<PNT A="2" C="40.5934172368" D="-89.5052818500"/>
				<PNT A="2" C="40.5933958134" D="-89.5052295714"/>
				<PNT A="2" C="40.5933744431" D="-89.5051759651"/>
				<PNT A="2" C="40.5933524522" D="-89.5051222869"/>
				<PNT A="2" C="40.5933289093" D="-89.5050681175"/>
				<PNT A="2" C="40.5933054241" D="-89.5050159399"/>
				<PNT A="2" C="40.5932802295" D="-89.5049631926"/>
				<PNT A="2" C="40.5932543523" D="-89.5049128887"/>
				<PNT A="2" C="40.5932271959" D="-89.5048623822"/>
				<PNT A="2" C="40.5931993566" D="-89.5048131230"/>
				<PNT A="2" C="40.5931719153" D="-89.5047646713"/>
				<PNT A="2" C="40.5931424488" D="-89.5047151321"/>
				<PNT A="2" C="40.5931130458" D="-89.5046675279"/>
				<PNT A="2" C="40.5930830347" D="-89.5046216188"/>
				<PNT A="2" C="40.5930532227" D="-89.5045755286"/>
				<PNT A="2" C="40.5930233115" D="-89.5045291209"/>
				<PNT A="2" C="40.5929923369" D="-89.5044824930"/>
				<PNT A="2" C="40.5929613791" D="-89.5044375729"/>
				<PNT A="2" C="40.5929303517" D="-89.5043926163"/>
				<PNT A="2" C="40.5928994235" D="-89.5043474922"/>
				<PNT A="2" C="40.5928677025" D="-89.5043028814"/>
				<PNT A="2" C="40.5928360358" D="-89.5042587131"/>
				<PNT A="2" C="40.5928043748" D="-89.5042148162"/>
				<PNT A="2" C="40.5927719357" D="-89.5041705763"/>
				<PNT A="2" C="40.5927400966" D="-89.5041274849"/>
				<PNT A="2" C="40.5927081619" D="-89.5040837628"/>
				<PNT A="2" C="40.5926753344" D="-89.5040403412"/>
				<PNT A="2" C="40.5926411733" D="-89.5039973054"/>
				<PNT A="2" C="40.5926060883" D="-89.5039562438"/>
				<PNT A="2" C="40.5925713223" D="-89.5039165612"/>
				<PNT A="2" C="40.5925373673" D="-89.5038772475"/>
				<PNT A="2" C="40.5925029584" D="-89.5038369811"/>
				<PNT A="2" C="40.5924684227" D="-89.5037964838"/>
				<PNT A="2" C="40.5924339079" D="-89.5037566078"/>
				<PNT A="2" C="40.5923987357" D="-89.5037171268"/>
				<PNT A="2" C="40.5923631735" D="-89.5036778730"/>
				<PNT A="2" C="40.5923287114" D="-89.5036393035"/>
				<PNT A="2" C="40.5922941048" D="-89.5036005933"/>
				<PNT A="2" C="40.5922586061" D="-89.5035615795"/>
				<PNT A="2" C="40.5922233086" D="-89.5035230595"/>
				<PNT A="2" C="40.5921883711" D="-89.5034850841"/>
				<PNT A="2" C="40.5921524754" D="-89.5034467697"/>
				<PNT A="2" C="40.5921166201" D="-89.5034094681"/>
				<PNT A="2" C="40.5920799548" D="-89.5033727179"/>
				<PNT A="2" C="40.5920433315" D="-89.5033356701"/>
				<PNT A="2" C="40.5920069129" D="-89.5032976729"/>
				<PNT A="2" C="40.5919715351" D="-89.5032599997"/>
				<PNT A="2" C="40.5919355490" D="-89.5032213774"/>
				<PNT A="2" C="40.5919003717" D="-89.5031823453"/>
				<PNT A="2" C="40.5918651213" D="-89.5031447652"/>
				<PNT A="2" C="40.5918377684" D="-89.5031230380"/>
			</LSG>
		</PLN>
		<PLN A="1" E="PLN-3">
			<LSG A="2" B="Inner_221021_2" P094_Impassable="0" P094_Subtype="0">
				<PNT A="2" C="40.5934136082" D="-89.5046843075"/>
				<PNT A="2" C="40.5934344532" D="-89.5046316403"/>
				<PNT A="2" C="40.5934675413" D="-89.5045898053"/>
				<PNT A="2" C="40.5934997959" D="-89.5045484126"/>
				<PNT A="2" C="40.5935326917" D="-89.5045057932"/>
				<PNT A="2" C="40.5935677647" D="-89.5044643460"/>
				<PNT A="2" C="40.5936015487" D="-89.5044247565"/>
				<PNT A="2" C="40.5936349819" D="-89.5043830666"/>
				<PNT A="2" C="40.5936674326" D="-89.5043409832"/>
				<PNT A="2" C="40.5936992691" D="-89.5042989841"/>
				<PNT A="2" C="40.5937325613" D="-89.5042563206"/>
				<PNT A="2" C="40.5937667934" D="-89.5042155764"/>
				<PNT A="2" C="40.5938020303" D="-89.5041765684"/>
				<PNT A="2" C="40.5938338057" D="-89.5041433590"/>
				<PNT A="2" C="40.5938338833" D="-89.5041018831"/>
				<PNT A="2" C="40.5938343604" D="-89.5040408517"/>
				<PNT A="2" C="40.5938347049" D="-89.5039810522"/>
				<PNT A="2" C="40.5938348217" D="-89.5039207333"/>
				<PNT A="2" C="40.5938346060" D="-89.5038598799"/>
				<PNT A="2" C="40.5938337436" D="-89.5037987226"/>
				<PNT A="2" C="40.5938316235" D="-89.5037376089"/>
				<PNT A="2" C="40.5938285817" D="-89.5036779934"/>
				<PNT A="2" C="40.5938257400" D="-89.5036177250"/>
				<PNT A="2" C="40.5938239918" D="-89.5035584865"/>
				<PNT A="2" C="40.5938224701" D="-89.5034988506"/>
				<PNT A="2" C="40.5938214940" D="-89.5034383132"/>
				<PNT A="2" C="40.5938225023" D="-89.5033789448"/>
				<PNT A="2" C="40.5938258240" D="-89.5033188200"/>
				<PNT A="2" C="40.5938267688" D="-89.5032587221"/>
				<PNT A="2" C="40.5938226425" D="-89.5032166769"/>
				<PNT A="2" C="40.5938519130" D="-89.5032581197"/>
				<PNT A="2" C="40.5938811834" D="-89.5032995626"/>
				<PNT A="2" C="40.5938811438" D="-89.5033592781"/>
				<PNT A="2" C="40.5938812119" D="-89.5034197220"/>
				<PNT A="2" C="40.5938818789" D="-89.5034797318"/>
				<PNT A="2" C="40.5938828214" D="-89.5035427605"/>
				<PNT A="2" C="40.5938834416" D="-89.5036038461"/>
				<PNT A="2" C="40.5938834414" D="-89.5036647800"/>
				<PNT A="2" C="40.5938822624" D="-89.5037274105"/>
				<PNT A="2" C="40.5938799745" D="-89.5037880338"/>
				<PNT A="2" C="40.5938775372" D="-89.5038478481"/>
				<PNT A="2" C="40.5938757608" D="-89.5039104432"/>
				<PNT A="2" C="40.5938749411" D="-89.5039709704"/>
				<PNT A="2" C="40.5938745165" D="-89.5040303262"/>
				<PNT A="2" C="40.5938758612" D="-89.5040920289"/>
				<PNT A="2" C="40.5938764246" D="-89.5041006341"/>
				<PNT A="2" C="40.5939160297" D="-89.5040693732"/>
				<PNT A="2" C="40.5939587008" D="-89.5040474889"/>
				<PNT A="2" C="40.5940026155" D="-89.5040304271"/>
				<PNT A="2" C="40.5940462666" D="-89.5040138562"/>
				<PNT A="2" C="40.5940896732" D="-89.5039953480"/>
				<PNT A="2" C="40.5941324722" D="-89.5039751246"/>
				<PNT A="2" C="40.5941765942" D="-89.5039545773"/>
				<PNT A="2" C="40.5942208252" D="-89.5039383677"/>
				<PNT A="2" C="40.5942665590" D="-89.5039292217"/>
				<PNT A="2" C="40.5942941033" D="-89.5039649019"/>
				<PNT A="2" C="40.5943216475" D="-89.5040005820"/>
				<PNT A="2" C="40.5942931964" D="-89.5040192724"/>
				<PNT A="2" C="40.5942473713" D="-89.5040286101"/>
				<PNT A="2" C="40.5942014105" D="-89.5040341688"/>
				<PNT A="2" C="40.5941550384" D="-89.5040451339"/>
				<PNT A="2" C="40.5941107976" D="-89.5040635520"/>
				<PNT A="2" C="40.5940677536" D="-89.5040871261"/>
				<PNT A="2" C="40.5940265604" D="-89.5041123965"/>
				<PNT A="2" C="40.5939842767" D="-89.5041385924"/>
				<PNT A="2" C="40.5939434771" D="-89.5041645536"/>
				<PNT A="2" C="40.5939037727" D="-89.5041933586"/>
				<PNT A="2" C="40.5938824214" D="-89.5042109674"/>
				<PNT A="2" C="40.5938824258" D="-89.5042110663"/>
				<PNT A="2" C="40.5938843566" D="-89.5042715226"/>
				<PNT A="2" C="40.5938863570" D="-89.5043308908"/>
				<PNT A="2" C="40.5938886806" D="-89.5043909299"/>
				<PNT A="2" C="40.5938901612" D="-89.5044514376"/>
				<PNT A="2" C="40.5938910431" D="-89.5045127294"/>
				<PNT A="2" C="40.5938914669" D="-89.5045744151"/>
				<PNT A="2" C="40.5938917149" D="-89.5046362150"/>
				<PNT A="2" C="40.5938920123" D="-89.5046977338"/>
				<PNT A="2" C="40.5938927305" D="-89.5047595521"/>
				<PNT A="2" C="40.5938934107" D="-89.5048208187"/>
				<PNT A="2" C="40.5938933282" D="-89.5048804577"/>
				<PNT A="2" C="40.5938914461" D="-89.5049397613"/>
				<PNT A="2" C="40.5938878275" D="-89.5049997565"/>
				<PNT A="2" C="40.5938838047" D="-89.5050612644"/>
				<PNT A="2" C="40.5938802129" D="-89.5051234609"/>
				<PNT A="2" C="40.5938784651" D="-89.5051831070"/>
				<PNT A="2" C="40.5938783819" D="-89.5052454004"/>
				<PNT A="2" C="40.5938792633" D="-89.5053048811"/>
				<PNT A="2" C="40.5938802551" D="-89.5053665724"/>
				<PNT A="2" C="40.5938804581" D="-89.5054279912"/>
				<PNT A="2" C="40.5938802517" D="-89.5054872919"/>
				<PNT A="2" C="40.5938794678" D="-89.5055464878"/>
				<PNT A="2" C="40.5938779786" D="-89.5056073916"/>
				<PNT A="2" C="40.5938629192" D="-89.5055721444"/>
				<PNT A="2" C="40.5938478598" D="-89.5055368972"/>
				<PNT A="2" C="40.5938328004" D="-89.5055016501"/>
				<PNT A="2" C="40.5938245260" D="-89.5054420819"/>
				<PNT A="2" C="40.5938240030" D="-89.5053815194"/>
				<PNT A="2" C="40.5938241424" D="-89.5053201886"/>
				<PNT A="2" C="40.5938238765" D="-89.5052596574"/>
				<PNT A="2" C="40.5938237356" D="-89.5051984699"/>
				<PNT A="2" C="40.5938238043" D="-89.5051366447"/>
				<PNT A="2" C="40.5938238509" D="-89.5050760987"/>
				<PNT A="2" C="40.5938239014" D="-89.5050148296"/>
				<PNT A="2" C="40.5938241702" D="-89.5049530900"/>
				<PNT A="2" C="40.5938243621" D="-89.5048910898"/>
				<PNT A="2" C="40.5938246267" D="-89.5048298858"/>
				<PNT A="2" C="40.5938252353" D="-89.5047707280"/>
				<PNT A="2" C="40.5938261100" D="-89.5047088030"/>
				<PNT A="2" C="40.5938267537" D="-89.5046469883"/>
				<PNT A="2" C="40.5938276752" D="-89.5045846666"/>
				<PNT A="2" C="40.5938295032" D="-89.5045244233"/>
				<PNT A="2" C="40.5938326001" D="-89.5044643673"/>
				<PNT A="2" C="40.5938356304" D="-89.5044038261"/>
				<PNT A="2" C="40.5938371036" D="-89.5043427374"/>
				<PNT A="2" C="40.5938361668" D="-89.5042813569"/>
				<PNT A="2" C="40.5938351730" D="-89.5042512159"/>
				<PNT A="2" C="40.5938264117" D="-89.5042588233"/>
				<PNT A="2" C="40.5937896221" D="-89.5042966007"/>
				<PNT A="2" C="40.5937573987" D="-89.5043387727"/>
				<PNT A="2" C="40.5937271249" D="-89.5043860005"/>
				<PNT A="2" C="40.5936991353" D="-89.5044340920"/>
				<PNT A="2" C="40.5936701292" D="-89.5044819958"/>
				<PNT A="2" C="40.5936382552" D="-89.5045245396"/>
				<PNT A="2" C="40.5936005755" D="-89.5045619124"/>
				<PNT A="2" C="40.5935623717" D="-89.5045970343"/>
				<PNT A="2" C="40.5935266608" D="-89.5046350635"/>
				<PNT A="2" C="40.5934931235" D="-89.5046750158"/>
				<PNT A="2" C="40.5934550201" D="-89.5047077356"/>
				<PNT A="2" C="40.5934136082" D="-89.5046843075"/>
			</LSG>
		</PLN>
		<PLN A="1" E="PLN-4">
			<LSG A="2" B="Inner_221021_3" P094_Impassable="0" P094_Subtype="7">
				<PNT A="2" C="40.5916727217" D="-89.5041785588"/>
				<PNT A="2" C="40.5916717019" D="-89.5041717853"/>
				<PNT A="2" C="40.5916674375" D="-89.5041111243"/>
				<PNT A="2" C="40.5916667079" D="-89.5040499578"/>
				<PNT A="2" C="40.5916680411" D="-89.5039901326"/>
				<PNT A="2" C="40.5916688036" D="-89.5039281636"/>
				<PNT A="2" C="40.5916663697" D="-89.5038688866"/>
				<PNT A="2" C="40.5916623048" D="-89.5038092399"/>
				<PNT A="2" C="40.5916576558" D="-89.5037481264"/>
				<PNT A="2" C="40.5916533574" D="-89.5036892154"/>
				<PNT A="2" C="40.5916491331" D="-89.5036271883"/>
				<PNT A="2" C="40.5916468325" D="-89.5035657590"/>
				<PNT A="2" C="40.5916485259" D="-89.5035059727"/>
				<PNT A="2" C="40.5916518106" D="-89.5034462097"/>
				<PNT A="2" C="40.5916554258" D="-89.5033855306"/>
				<PNT A="2" C="40.5916578979" D="-89.5033251600"/>
				<PNT A="2" C="40.5916501585" D="-89.5032668265"/>
				<PNT A="2" C="40.5916233741" D="-89.5033158286"/>
				<PNT A="2" C="40.5916218093" D="-89.5033753726"/>
				<PNT A="2" C="40.5916280803" D="-89.5034369672"/>
				<PNT A="2" C="40.5916349407" D="-89.5034965059"/>
				<PNT A="2" C="40.5916416826" D="-89.5035563771"/>
				<PNT A="2" C="40.5916456221" D="-89.5036165813"/>
				<PNT A="2" C="40.5916448559" D="-89.5036767666"/>
				<PNT A="2" C="40.5916420619" D="-89.5037378230"/>
				<PNT A="2" C="40.5916403025" D="-89.5037986743"/>
				<PNT A="2" C="40.5916427043" D="-89.5038581657"/>
				<PNT A="2" C="40.5916500737" D="-89.5039194065"/>
				<PNT A="2" C="40.5916582306" D="-89.5039807330"/>
				<PNT A="2" C="40.5916641112" D="-89.5040396217"/>
				<PNT A="2" C="40.5916687829" D="-89.5040993310"/>
				<PNT A="2" C="40.5916718291" D="-89.5041611367"/>
				<PNT A="2" C="40.5916727217" D="-89.5041785588"/>
			</LSG>
		</PLN>
		<PLN A="7" B="Area_221021_1" E="PLN-5" P094_Impassable="0" P094_Subtype="1">
			<LSG A="8">
				<PNT A="1" C="40.5937993553" D="-89.5065982281"/>
				<PNT A="1" C="40.5937944375" D="-89.5066415852"/>
				<PNT A="1" C="40.5937880571" D="-89.5067016174"/>
				<PNT A="1" C="40.5937801096" D="-89.5067620148"/>
				<PNT A="1" C="40.5937655888" D="-89.5068209171"/>
				<PNT A="1" C="40.5937445509" D="-89.5068756039"/>
				<PNT A="1" C="40.5937199899" D="-89.5069283956"/>
				<PNT A="1" C="40.5936976809" D="-89.5069797669"/>
				<PNT A="1" C="40.5936804922" D="-89.5070366604"/>
				<PNT A="1" C="40.5936728851" D="-89.5070959231"/>
				<PNT A="1" C="40.5936719613" D="-89.5071555082"/>
				<PNT A="1" C="40.5936737757" D="-89.5072152271"/>
				<PNT A="1" C="40.5936780817" D="-89.5072759029"/>
				<PNT A="1" C="40.5936842891" D="-89.5073354401"/>
				<PNT A="1" C="40.5936905930" D="-89.5073944964"/>
				<PNT A="1" C="40.5936974167" D="-89.5074531899"/>
				<PNT A="1" C="40.5937123930" D="-89.5075097830"/>
				<PNT A="1" C="40.5937394418" D="-89.5075600433"/>
				<PNT A="1" C="40.5937690550" D="-89.5076100796"/>
				<PNT A="1" C="40.5937894145" D="-89.5076664981"/>
				<PNT A="1" C="40.5937993553" D="-89.5065982281"/>
			</LSG>
		</PLN>
	</PFD>
	<TSK A="TSK-1" B="Field Soil Zones" C="CTR-1" D="FRM-1" E="PFD-1" G="1" P094_Crop_Type="1"/>
	<TSK A="TSK-2" B="Planting 2021 2" C="CTR-1" D="FRM-1" E="PFD-1" G="2" P094_Crop_Type="1" P094_Coverage_File="COV-2.BIN" P094_Variety_File="VAR-2.BIN">
		<CNN A="DVC-5000000" B="DET-5000003" C="DVC-1" D="DET-2"/>
		<DAN A="A00884000BC18A08" B="FFFFFFFFFFFFFFFF" C="DVC-1">
			<ASP A="2021-10-22T13:07:54-05:00" B="2021-10-22T13:54:08-05:00" D="4">
				<PTN A="40.5906520393" B="-89.5049027001" D="1"/>
				<PTN A="40.5953594366" B="-89.5067262310" D="1"/>
			</ASP>
		</DAN>
		<DAN A="A00884000BC18A08" B="FFFFFFFFFFFFFFFF" C="DVC-1">
			<ASP A="2021-10-22T13:54:42-05:00" B="2021-10-22T18:09:44-05:00" D="4">
				<PTN A="40.5953595740" B="-89.5067262567" D="1"/>
				<PTN A="40.5906575488" B="-89.5049067228" D="1"/>
			</ASP>
		</DAN>
		<DAN A="A00884000BC18A08" B="FFFFFFFFFFFFFFFF" C="DVC-1">
			<ASP A="2021-10-25T07:11:08-05:00" B="2021-10-25T08:04:08-05:00" D="4">
				<PTN A="40.5905770250" B="-89.5047954750" D="1"/>
				<PTN A="40.5905819936" B="-89.5047951993" D="1"/>
			</ASP>
		</DAN>
		<DAN A="A00884000BC18A08" B="FFFFFFFFFFFFFFFF" C="DVC-1">
			<ASP A="2021-10-25T16:48:25-05:00" D="4">
				<PTN A="40.5905617898" B="-89.5048260336" D="1"/>
			</ASP>
		</DAN>
		<OTP A="CPC-1"/>
		<PAN A="PDT-1" E="DET-4">
			<ASP A="2021-10-22T13:47:00.148-05:00" B="2021-10-22T13:54:08.233-05:00" D="4">
				<PTN A="40.5922581104" B="-89.5032600647" D="1"/>
				<PTN A="40.5953594365" B="-89.5067262277" D="1"/>
			</ASP>
		</PAN>
		<PAN A="PDT-1" E="DET-5">
			<ASP A="2021-10-22T13:47:00.148-05:00" B="2021-10-22T13:54:08.233-05:00" D="4">
				<PTN A="40.5922581104" B="-89.5032600647" D="1"/>
				<PTN A="40.5953594366" B="-89.5067262290" D="1"/>
			</ASP>
		</PAN>
		<PAN A="PDT-1" E="DET-6">
			<ASP A="2021-10-22T13:47:00.148-05:00" B="2021-10-22T13:54:08.233-05:00" D="4">
				<PTN A="40.5922595896" B="-89.5032590955" D="1"/>
				<PTN A="40.5953594366" B="-89.5067262306" D="1"/>
			</ASP>
		</PAN>
		<PAN A="PDT-1" E="DET-7">
			<ASP A="2021-10-22T13:47:00.148-05:00" B="2021-10-22T13:54:08.233-05:00" D="4">
				<PTN A="40.5922600732" B="-89.5032587792" D="1"/>
				<PTN A="40.5953594366" B="-89.5067262306" D="1"/>
			</ASP>
		</PAN>
		<PAN A="PDT-1" E="DET-4">
			<ASP A="2021-10-22T14:00:42.637-05:00" B="2021-10-22T16:44:36.036-05:00" D="4">
				<PTN A="40.5954212146" B="-89.5068251063" D="1"/>
				<PTN A="40.5919829061" B="-89.5123651210" D="1"/>
			</ASP>
		</PAN>
		<PAN A="PDT-1" E="DET-5">
			<ASP A="2021-10-22T14:00:42.637-05:00" B="2021-10-22T16:44:51.607-05:00" D="4">
				<PTN A="40.5954192469" B="-89.5068234309" D="1"/>
				<PTN A="40.5919828788" B="-89.5123651037" D="1"/>
			</ASP>
		</PAN>
		<PAN A="PDT-1" E="DET-6">
			<ASP A="2021-10-22T14:00:42.637-05:00" B="2021-10-22T18:09:45.211-05:00" D="4">
				<PTN A="40.5954182833" B="-89.5068226099" D="1"/>
				<PTN A="40.5906575485" B="-89.5049067291" D="1"/>
			</ASP>
		</PAN>
		<PAN A="PDT-1" E="DET-7">
			<ASP A="2021-10-22T14:00:42.637-05:00" B="2021-10-22T18:09:45.211-05:00" D="4">
				<PTN A="40.5954182833" B="-89.5068226099" D="1"/>
				<PTN A="40.5906575484" B="-89.5049067300" D="1"/>
			</ASP>
		</PAN>
		<PAN A="PDT-4" E="DET-4">
			<ASP A="2021-10-22T16:45:54.478-05:00" B="2021-10-22T18:09:45.211-05:00" D="4">
				<PTN A="40.5919348364" B="-89.5122862233" D="1"/>
				<PTN A="40.5906575485" B="-89.5049067283" D="1"/>
			</ASP>
		</PAN>
		<PAN A="PDT-4" E="DET-5">
			<ASP A="2021-10-22T16:45:54.478-05:00" B="2021-10-22T18:09:45.211-05:00" D="4">
				<PTN A="40.5919343523" B="-89.5122842377" D="1"/>
				<PTN A="40.5906575485" B="-89.5049067286" D="1"/>
			</ASP>
		</PAN>
		<TIM A="2021-10-22T13:47:02.600-05:00" D="4">
			<DLV A="0077" B="8185" C="DET-3"/>
			<DLV A="F242" B="0" C="DET-2000002"/>
			<DLV A="F23F" B="68" C="DET-2000002"/>
			<DLV A="F244" B="10627" C="DET-2000002"/>
			<DLV A="F234" B="24" C="DET-2000002"/>
			<DLV A="013C" B="95" C="DET-2000002"/>
			<DLV A="F233" B="206" C="DET-2000002"/>
			<DLV A="F232" B="0" C="DET-2000002"/>
			<DLV A="F23C" B="0" C="DET-2000002"/>
			<DLV A="013D" B="0" C="DET-2000002"/>
			<DLV A="0094" B="148" C="DET-2000002"/>
			<DLV A="F23A" B="206" C="DET-2000002"/>
			<DLV A="F23B" B="24" C="DET-2000002"/>
			<DLV A="F239" B="0" C="DET-2000002"/>
			<DLV A="F23D" B="1" C="DET-2000002"/>
			<DLV A="F236" B="254" C="DET-2000002"/>
			<DLV A="F237" B="45" C="DET-2000002"/>
			<DLV A="F238" B="0" C="DET-2000002"/>
			<DLV A="F235" B="0" C="DET-2000002"/>
		</TIM>
		<TLG A="TLG00000" C="1"/>
		<TLG A="TLG00001" C="1"/>
	</TSK>
</ISO11783_TaskData>
