<?xml version="1.0" encoding="UTF-8"?>
<TIM A="" D="4">
    <PTN A="" B="" C="" D="1" E="" F="" G="" H="" I=""/>
    <DLV A="DFFE" B="" C="DET-5000001" D="129026" E="16" F="31"/>
    <DLV A="DFFE" B="" C="DET-5000001" D="129026" E="32" F="47"/>
    <DLV A="DFFE" B="" C="DET-5000000" D="65096" E="0" F="15"/>
    <DLV A="DFFE" B="" C="DET-5000000" D="65097" E="0" F="15"/>
    <DLV A="DFFE" B="" C="DET-5000001" D="127257" E="24" F="39"/>
    <DLV A="DFFE" B="" C="DET-5000001" D="127257" E="40" F="55"/>
    <DLV A="DFFE" B="" C="DET-5000000" D="44032" E="0" F="15"/>
    <DLV A="0043" B="" C="DET-30"/>
    <DLV A="0043" B="" C="DET-31"/>
    <DLV A="0043" B="" C="DET-32"/>
    <DLV A="0043" B="" C="DET-33"/>
    <DLV A="0043" B="" C="DET-34"/>
    <DLV A="0043" B="" C="DET-35"/>
    <DLV A="0043" B="" C="DET-36"/>
    <DLV A="0043" B="" C="DET-37"/>
    <DLV A="0043" B="" C="DET-38"/>
    <DLV A="0043" B="" C="DET-39"/>
    <DLV A="0043" B="" C="DET-40"/>
    <DLV A="0043" B="" C="DET-41"/>
    <DLV A="0043" B="" C="DET-42"/>
    <DLV A="0043" B="" C="DET-43"/>
    <DLV A="0043" B="" C="DET-44"/>
    <DLV A="0043" B="" C="DET-45"/>
    <DLV A="0043" B="" C="DET-46"/>
    <DLV A="0043" B="" C="DET-47"/>
    <DLV A="0046" B="" C="DET-1"/>
    <DLV A="0046" B="" C="DET-3"/>
    <DLV A="0046" B="" C="DET-4"/>
    <DLV A="0046" B="" C="DET-5"/>
    <DLV A="0046" B="" C="DET-6"/>
    <DLV A="0046" B="" C="DET-7"/>
    <DLV A="0086" B="" C="DET-2"/>
    <DLV A="0087" B="" C="DET-2"/>
    <DLV A="0087" B="" C="DET-3"/>
    <DLV A="0087" B="" C="DET-6"/>
    <DLV A="0087" B="" C="DET-7"/>
    <DLV A="0087" B="" C="DET-20"/>
    <DLV A="0087" B="" C="DET-21"/>
    <DLV A="0087" B="" C="DET-22"/>
    <DLV A="0087" B="" C="DET-23"/>
    <DLV A="0087" B="" C="DET-24"/>
    <DLV A="0087" B="" C="DET-25"/>
    <DLV A="0087" B="" C="DET-26"/>
    <DLV A="009E" B="" C="DET-3"/>
    <DLV A="00A0" B="" C="DET-3"/>
    <DLV A="0087" B="" C="DET-27"/>
    <DLV A="0087" B="" C="DET-28"/>
    <DLV A="0087" B="" C="DET-29"/>
    <DLV A="0087" B="" C="DET-30"/>
    <DLV A="0087" B="" C="DET-31"/>
    <DLV A="0087" B="" C="DET-44"/>
    <DLV A="0087" B="" C="DET-45"/>
    <DLV A="0087" B="" C="DET-46"/>
    <DLV A="0087" B="" C="DET-47"/>
    <DLV A="008D" B="" C="DET-1"/>
    <DLV A="0043" B="" C="DET-48"/>
    <DLV A="0043" B="" C="DET-49"/>
    <DLV A="0043" B="" C="DET-50"/>
    <DLV A="0043" B="" C="DET-51"/>
    <DLV A="0043" B="" C="DET-52"/>
    <DLV A="0043" B="" C="DET-53"/>
    <DLV A="0043" B="" C="DET-54"/>
    <DLV A="0043" B="" C="DET-55"/>
    <DLV A="0086" B="" C="DET-3"/>
    <DLV A="0086" B="" C="DET-8"/>
    <DLV A="0086" B="" C="DET-9"/>
    <DLV A="0086" B="" C="DET-10"/>
    <DLV A="0086" B="" C="DET-11"/>
    <DLV A="0086" B="" C="DET-12"/>
    <DLV A="0086" B="" C="DET-13"/>
    <DLV A="0086" B="" C="DET-14"/>
    <DLV A="0086" B="" C="DET-15"/>
    <DLV A="0086" B="" C="DET-16"/>
    <DLV A="0086" B="" C="DET-17"/>
    <DLV A="0086" B="" C="DET-18"/>
    <DLV A="0086" B="" C="DET-19"/>
    <DLV A="0086" B="" C="DET-20"/>
    <DLV A="0086" B="" C="DET-21"/>
    <DLV A="0086" B="" C="DET-22"/>
    <DLV A="0086" B="" C="DET-23"/>
    <DLV A="0086" B="" C="DET-24"/>
    <DLV A="0086" B="" C="DET-25"/>
    <DLV A="0086" B="" C="DET-26"/>
    <DLV A="0086" B="" C="DET-27"/>
    <DLV A="0086" B="" C="DET-28"/>
    <DLV A="0086" B="" C="DET-29"/>
    <DLV A="0086" B="" C="DET-30"/>
    <DLV A="0086" B="" C="DET-31"/>
    <DLV A="0087" B="" C="DET-4"/>
    <DLV A="0087" B="" C="DET-5"/>
    <DLV A="0087" B="" C="DET-8"/>
    <DLV A="0087" B="" C="DET-9"/>
    <DLV A="0087" B="" C="DET-10"/>
    <DLV A="0087" B="" C="DET-11"/>
    <DLV A="0087" B="" C="DET-12"/>
    <DLV A="0087" B="" C="DET-13"/>
    <DLV A="0087" B="" C="DET-14"/>
    <DLV A="0087" B="" C="DET-15"/>
    <DLV A="0087" B="" C="DET-16"/>
    <DLV A="0087" B="" C="DET-17"/>
    <DLV A="0087" B="" C="DET-18"/>
    <DLV A="0087" B="" C="DET-19"/>
    <DLV A="0087" B="" C="DET-32"/>
    <DLV A="0087" B="" C="DET-33"/>
    <DLV A="0087" B="" C="DET-34"/>
    <DLV A="0087" B="" C="DET-35"/>
    <DLV A="0087" B="" C="DET-36"/>
    <DLV A="0087" B="" C="DET-37"/>
    <DLV A="0087" B="" C="DET-38"/>
    <DLV A="0087" B="" C="DET-39"/>
    <DLV A="0087" B="" C="DET-40"/>
    <DLV A="0087" B="" C="DET-41"/>
    <DLV A="0087" B="" C="DET-42"/>
    <DLV A="0087" B="" C="DET-43"/>
    <DLV A="0087" B="" C="DET-48"/>
    <DLV A="0087" B="" C="DET-49"/>
    <DLV A="0087" B="" C="DET-50"/>
    <DLV A="0087" B="" C="DET-51"/>
    <DLV A="0087" B="" C="DET-52"/>
    <DLV A="0087" B="" C="DET-53"/>
    <DLV A="0087" B="" C="DET-54"/>
    <DLV A="0087" B="" C="DET-55"/>
    <DLV A="008D" B="" C="DET-3"/>
    <DLV A="008E" B="" C="DET-3"/>
    <DLV A="009E" B="" C="DET-4"/>
    <DLV A="009E" B="" C="DET-5"/>
    <DLV A="009E" B="" C="DET-6"/>
    <DLV A="009E" B="" C="DET-7"/>
    <DLV A="00B3" B="" C="DET-3"/>
    <DLV A="00CD" B="" C="DET-3"/>
    <DLV A="00CE" B="" C="DET-3"/>
    <DLV A="0108" B="" C="DET-2"/>
    <DLV A="000B" B="" C="DET-3"/>
    <DLV A="000B" B="" C="DET-4"/>
    <DLV A="000B" B="" C="DET-5"/>
    <DLV A="000B" B="" C="DET-6"/>
    <DLV A="000B" B="" C="DET-7"/>
    <DLV A="00A1" B="" C="DET-3"/>
    <DLV A="0043" B="" C="DET-3"/>
    <DLV A="000E" B="" C="DET-3"/>
    <DLV A="000F" B="" C="DET-3"/>
    <DLV A="0043" B="" C="DET-4"/>
    <DLV A="0043" B="" C="DET-5"/>
    <DLV A="0043" B="" C="DET-6"/>
    <DLV A="0043" B="" C="DET-7"/>
    <DLV A="0043" B="" C="DET-8"/>
    <DLV A="0043" B="" C="DET-9"/>
    <DLV A="0043" B="" C="DET-10"/>
    <DLV A="0043" B="" C="DET-11"/>
    <DLV A="0043" B="" C="DET-12"/>
    <DLV A="0043" B="" C="DET-13"/>
    <DLV A="0043" B="" C="DET-14"/>
    <DLV A="0043" B="" C="DET-15"/>
    <DLV A="0043" B="" C="DET-16"/>
    <DLV A="0043" B="" C="DET-17"/>
    <DLV A="008F" B="" C="DET-3"/>
    <DLV A="00A2" B="" C="DET-3"/>
    <DLV A="009D" B="" C="DET-2"/>
    <DLV A="F23E" B="" C="DET-2000002"/>
    <DLV A="F243" B="" C="DET-2000002"/>
    <DLV A="F230" B="" C="DET-2000002"/>
    <DLV A="F231" B="" C="DET-2000002"/>
    <DLV A="0095" B="" C="DET-2000002"/>
    <DLV A="0096" B="" C="DET-2000002"/>
    <DLV A="DFFF" B="" C="DET-1"/>
    <DLV A="000C" B="" C="DET-3"/>
    <DLV A="000D" B="" C="DET-3"/>
    <DLV A="01AA" B="" C="DET-3"/>
    <DLV A="016F" B="" C="DET-3"/>
    <DLV A="000C" B="" C="DET-4"/>
    <DLV A="000C" B="" C="DET-5"/>
    <DLV A="000C" B="" C="DET-6"/>
    <DLV A="000C" B="" C="DET-7"/>
    <DLV A="0043" B="" C="DET-18"/>
    <DLV A="0043" B="" C="DET-19"/>
    <DLV A="0043" B="" C="DET-20"/>
    <DLV A="0043" B="" C="DET-21"/>
    <DLV A="0043" B="" C="DET-22"/>
    <DLV A="0043" B="" C="DET-23"/>
    <DLV A="0043" B="" C="DET-24"/>
    <DLV A="0043" B="" C="DET-25"/>
    <DLV A="0043" B="" C="DET-26"/>
    <DLV A="0043" B="" C="DET-27"/>
    <DLV A="0043" B="" C="DET-28"/>
    <DLV A="0043" B="" C="DET-29"/>
    <DLV A="000C" B="" C="DET-32"/>
    <DLV A="019F" B="" C="DET-32"/>
    <DLV A="01A1" B="" C="DET-32"/>
    <DLV A="01A3" B="" C="DET-32"/>
    <DLV A="EA60" B="" C="DET-32"/>
    <DLV A="EA6F" B="" C="DET-32"/>
    <DLV A="01AB" B="" C="DET-32"/>
    <DLV A="EA62" B="" C="DET-32"/>
    <DLV A="EA63" B="" C="DET-32"/>
    <DLV A="EA64" B="" C="DET-32"/>
    <DLV A="000C" B="" C="DET-33"/>
    <DLV A="019F" B="" C="DET-33"/>
    <DLV A="01A1" B="" C="DET-33"/>
    <DLV A="01A3" B="" C="DET-33"/>
    <DLV A="EA60" B="" C="DET-33"/>
    <DLV A="EA6F" B="" C="DET-33"/>
    <DLV A="01AB" B="" C="DET-33"/>
    <DLV A="EA62" B="" C="DET-33"/>
    <DLV A="EA63" B="" C="DET-33"/>
    <DLV A="EA64" B="" C="DET-33"/>
    <DLV A="000C" B="" C="DET-34"/>
    <DLV A="019F" B="" C="DET-34"/>
    <DLV A="01A1" B="" C="DET-34"/>
    <DLV A="01A3" B="" C="DET-34"/>
    <DLV A="EA60" B="" C="DET-34"/>
    <DLV A="EA6F" B="" C="DET-34"/>
    <DLV A="01AB" B="" C="DET-34"/>
    <DLV A="EA62" B="" C="DET-34"/>
    <DLV A="EA63" B="" C="DET-34"/>
    <DLV A="EA64" B="" C="DET-34"/>
    <DLV A="000C" B="" C="DET-35"/>
    <DLV A="019F" B="" C="DET-35"/>
    <DLV A="01A1" B="" C="DET-35"/>
    <DLV A="01A3" B="" C="DET-35"/>
    <DLV A="EA60" B="" C="DET-35"/>
    <DLV A="EA6F" B="" C="DET-35"/>
    <DLV A="01AB" B="" C="DET-35"/>
    <DLV A="EA62" B="" C="DET-35"/>
    <DLV A="EA63" B="" C="DET-35"/>
    <DLV A="EA64" B="" C="DET-35"/>
    <DLV A="000C" B="" C="DET-36"/>
    <DLV A="019F" B="" C="DET-36"/>
    <DLV A="01A1" B="" C="DET-36"/>
    <DLV A="01A3" B="" C="DET-36"/>
    <DLV A="EA60" B="" C="DET-36"/>
    <DLV A="EA6F" B="" C="DET-36"/>
    <DLV A="01AB" B="" C="DET-36"/>
    <DLV A="EA62" B="" C="DET-36"/>
    <DLV A="EA63" B="" C="DET-36"/>
    <DLV A="EA64" B="" C="DET-36"/>
    <DLV A="000C" B="" C="DET-37"/>
    <DLV A="019F" B="" C="DET-37"/>
    <DLV A="01A1" B="" C="DET-37"/>
    <DLV A="01A3" B="" C="DET-37"/>
    <DLV A="EA60" B="" C="DET-37"/>
    <DLV A="EA6F" B="" C="DET-37"/>
    <DLV A="01AB" B="" C="DET-37"/>
    <DLV A="EA62" B="" C="DET-37"/>
    <DLV A="EA63" B="" C="DET-37"/>
    <DLV A="EA64" B="" C="DET-37"/>
    <DLV A="000C" B="" C="DET-38"/>
    <DLV A="019F" B="" C="DET-38"/>
    <DLV A="01A1" B="" C="DET-38"/>
    <DLV A="01A3" B="" C="DET-38"/>
    <DLV A="EA60" B="" C="DET-38"/>
    <DLV A="EA6F" B="" C="DET-38"/>
    <DLV A="01AB" B="" C="DET-38"/>
    <DLV A="EA62" B="" C="DET-38"/>
    <DLV A="EA63" B="" C="DET-38"/>
    <DLV A="EA64" B="" C="DET-38"/>
</TIM>
