<?xml version="1.0" encoding="UTF-8"?>
<TIM A="" D="4">
    <PTN A="" B="" C="" D="1" E="" F="" G="" H="" I=""/>
    <DLV A="DFFE" B="" C="DET-5000001" D="129026" E="16" F="31"/>
    <DLV A="DFFE" B="" C="DET-5000000" D="65096" E="0" F="15"/>
    <DLV A="DFFE" B="" C="DET-5000001" D="129026" E="32" F="47"/>
    <DLV A="DFFE" B="" C="DET-5000001" D="127257" E="24" F="39"/>
    <DLV A="DFFE" B="" C="DET-5000000" D="65097" E="0" F="15"/>
    <DLV A="DFFE" B="" C="DET-5000000" D="44032" E="0" F="15"/>
    <DLV A="DFFE" B="" C="DET-5000001" D="127257" E="40" F="55"/>
    <DLV A="000C" B="" C="DET-39"/>
    <DLV A="019F" B="" C="DET-39"/>
    <DLV A="01A1" B="" C="DET-39"/>
    <DLV A="01A3" B="" C="DET-39"/>
    <DLV A="EA60" B="" C="DET-39"/>
    <DLV A="EA6F" B="" C="DET-39"/>
    <DLV A="01AB" B="" C="DET-39"/>
    <DLV A="EA62" B="" C="DET-39"/>
    <DLV A="EA63" B="" C="DET-39"/>
    <DLV A="EA64" B="" C="DET-39"/>
    <DLV A="000C" B="" C="DET-40"/>
    <DLV A="019F" B="" C="DET-40"/>
    <DLV A="01A1" B="" C="DET-40"/>
    <DLV A="01A3" B="" C="DET-40"/>
    <DLV A="EA60" B="" C="DET-40"/>
    <DLV A="EA6F" B="" C="DET-40"/>
    <DLV A="01AB" B="" C="DET-40"/>
    <DLV A="EA62" B="" C="DET-40"/>
    <DLV A="EA63" B="" C="DET-40"/>
    <DLV A="EA64" B="" C="DET-40"/>
    <DLV A="000C" B="" C="DET-41"/>
    <DLV A="019F" B="" C="DET-41"/>
    <DLV A="01A1" B="" C="DET-41"/>
    <DLV A="01A3" B="" C="DET-41"/>
    <DLV A="EA60" B="" C="DET-41"/>
    <DLV A="EA6F" B="" C="DET-41"/>
    <DLV A="01AB" B="" C="DET-41"/>
    <DLV A="EA62" B="" C="DET-41"/>
    <DLV A="EA63" B="" C="DET-41"/>
    <DLV A="EA64" B="" C="DET-41"/>
    <DLV A="000C" B="" C="DET-42"/>
    <DLV A="019F" B="" C="DET-42"/>
    <DLV A="01A1" B="" C="DET-42"/>
    <DLV A="01A3" B="" C="DET-42"/>
    <DLV A="EA60" B="" C="DET-42"/>
    <DLV A="EA6F" B="" C="DET-42"/>
    <DLV A="01AB" B="" C="DET-42"/>
    <DLV A="EA62" B="" C="DET-42"/>
    <DLV A="EA63" B="" C="DET-42"/>
    <DLV A="EA64" B="" C="DET-42"/>
    <DLV A="000C" B="" C="DET-43"/>
    <DLV A="019F" B="" C="DET-43"/>
    <DLV A="01A1" B="" C="DET-43"/>
    <DLV A="01A3" B="" C="DET-43"/>
    <DLV A="EA60" B="" C="DET-43"/>
    <DLV A="EA6F" B="" C="DET-43"/>
    <DLV A="01AB" B="" C="DET-43"/>
    <DLV A="EA62" B="" C="DET-43"/>
    <DLV A="EA63" B="" C="DET-43"/>
    <DLV A="EA64" B="" C="DET-43"/>
    <DLV A="000C" B="" C="DET-44"/>
    <DLV A="019F" B="" C="DET-44"/>
    <DLV A="01A1" B="" C="DET-44"/>
    <DLV A="01A3" B="" C="DET-44"/>
    <DLV A="EA60" B="" C="DET-44"/>
    <DLV A="EA6F" B="" C="DET-44"/>
    <DLV A="01AB" B="" C="DET-44"/>
    <DLV A="EA62" B="" C="DET-44"/>
    <DLV A="EA63" B="" C="DET-44"/>
    <DLV A="EA64" B="" C="DET-44"/>
    <DLV A="000C" B="" C="DET-45"/>
    <DLV A="019F" B="" C="DET-45"/>
    <DLV A="01A1" B="" C="DET-45"/>
    <DLV A="01A3" B="" C="DET-45"/>
    <DLV A="EA60" B="" C="DET-45"/>
    <DLV A="EA6F" B="" C="DET-45"/>
    <DLV A="01AB" B="" C="DET-45"/>
    <DLV A="EA62" B="" C="DET-45"/>
    <DLV A="EA63" B="" C="DET-45"/>
    <DLV A="EA64" B="" C="DET-45"/>
    <DLV A="000C" B="" C="DET-46"/>
    <DLV A="019F" B="" C="DET-46"/>
    <DLV A="01A1" B="" C="DET-46"/>
    <DLV A="01A3" B="" C="DET-46"/>
    <DLV A="EA60" B="" C="DET-46"/>
    <DLV A="EA6F" B="" C="DET-46"/>
    <DLV A="01AB" B="" C="DET-46"/>
    <DLV A="EA62" B="" C="DET-46"/>
    <DLV A="EA63" B="" C="DET-46"/>
    <DLV A="EA64" B="" C="DET-46"/>
    <DLV A="000C" B="" C="DET-47"/>
    <DLV A="019F" B="" C="DET-47"/>
    <DLV A="01A1" B="" C="DET-47"/>
    <DLV A="01A3" B="" C="DET-47"/>
    <DLV A="EA60" B="" C="DET-47"/>
    <DLV A="EA6F" B="" C="DET-47"/>
    <DLV A="01AB" B="" C="DET-47"/>
    <DLV A="EA62" B="" C="DET-47"/>
    <DLV A="EA63" B="" C="DET-47"/>
    <DLV A="EA64" B="" C="DET-47"/>
    <DLV A="000C" B="" C="DET-48"/>
    <DLV A="019F" B="" C="DET-48"/>
    <DLV A="01A1" B="" C="DET-48"/>
    <DLV A="01A3" B="" C="DET-48"/>
    <DLV A="EA60" B="" C="DET-48"/>
    <DLV A="EA6F" B="" C="DET-48"/>
    <DLV A="01AB" B="" C="DET-48"/>
    <DLV A="EA62" B="" C="DET-48"/>
    <DLV A="EA63" B="" C="DET-48"/>
    <DLV A="EA64" B="" C="DET-48"/>
    <DLV A="000C" B="" C="DET-49"/>
    <DLV A="019F" B="" C="DET-49"/>
    <DLV A="01A1" B="" C="DET-49"/>
    <DLV A="01A3" B="" C="DET-49"/>
    <DLV A="EA60" B="" C="DET-49"/>
    <DLV A="EA6F" B="" C="DET-49"/>
    <DLV A="01AB" B="" C="DET-49"/>
    <DLV A="EA62" B="" C="DET-49"/>
    <DLV A="EA63" B="" C="DET-49"/>
    <DLV A="EA64" B="" C="DET-49"/>
    <DLV A="000C" B="" C="DET-50"/>
    <DLV A="019F" B="" C="DET-50"/>
    <DLV A="01A1" B="" C="DET-50"/>
    <DLV A="01A3" B="" C="DET-50"/>
    <DLV A="EA60" B="" C="DET-50"/>
    <DLV A="EA6F" B="" C="DET-50"/>
    <DLV A="01AB" B="" C="DET-50"/>
    <DLV A="EA62" B="" C="DET-50"/>
    <DLV A="EA63" B="" C="DET-50"/>
    <DLV A="EA64" B="" C="DET-50"/>
    <DLV A="000C" B="" C="DET-51"/>
    <DLV A="019F" B="" C="DET-51"/>
    <DLV A="01A1" B="" C="DET-51"/>
    <DLV A="01A3" B="" C="DET-51"/>
    <DLV A="EA60" B="" C="DET-51"/>
    <DLV A="EA6F" B="" C="DET-51"/>
    <DLV A="01AB" B="" C="DET-51"/>
    <DLV A="EA62" B="" C="DET-51"/>
    <DLV A="EA63" B="" C="DET-51"/>
    <DLV A="EA64" B="" C="DET-51"/>
    <DLV A="000C" B="" C="DET-52"/>
    <DLV A="019F" B="" C="DET-52"/>
    <DLV A="01A1" B="" C="DET-52"/>
    <DLV A="01A3" B="" C="DET-52"/>
    <DLV A="EA60" B="" C="DET-52"/>
    <DLV A="EA6F" B="" C="DET-52"/>
    <DLV A="01AB" B="" C="DET-52"/>
    <DLV A="EA62" B="" C="DET-52"/>
    <DLV A="EA63" B="" C="DET-52"/>
    <DLV A="EA64" B="" C="DET-52"/>
    <DLV A="000C" B="" C="DET-53"/>
    <DLV A="019F" B="" C="DET-53"/>
    <DLV A="01A1" B="" C="DET-53"/>
    <DLV A="01A3" B="" C="DET-53"/>
    <DLV A="EA60" B="" C="DET-53"/>
    <DLV A="EA6F" B="" C="DET-53"/>
    <DLV A="01AB" B="" C="DET-53"/>
    <DLV A="EA62" B="" C="DET-53"/>
    <DLV A="EA63" B="" C="DET-53"/>
    <DLV A="EA64" B="" C="DET-53"/>
    <DLV A="000C" B="" C="DET-54"/>
    <DLV A="019F" B="" C="DET-54"/>
    <DLV A="01A1" B="" C="DET-54"/>
    <DLV A="01A3" B="" C="DET-54"/>
    <DLV A="EA60" B="" C="DET-54"/>
    <DLV A="EA6F" B="" C="DET-54"/>
    <DLV A="01AB" B="" C="DET-54"/>
    <DLV A="EA62" B="" C="DET-54"/>
    <DLV A="EA63" B="" C="DET-54"/>
    <DLV A="EA64" B="" C="DET-54"/>
    <DLV A="000C" B="" C="DET-55"/>
    <DLV A="019F" B="" C="DET-55"/>
    <DLV A="01A1" B="" C="DET-55"/>
    <DLV A="01A3" B="" C="DET-55"/>
    <DLV A="EA60" B="" C="DET-55"/>
    <DLV A="EA6F" B="" C="DET-55"/>
    <DLV A="01AB" B="" C="DET-55"/>
    <DLV A="EA62" B="" C="DET-55"/>
    <DLV A="EA63" B="" C="DET-55"/>
    <DLV A="EA64" B="" C="DET-55"/>
    <DLV A="0086" B="" C="DET-5000000"/>
    <DLV A="0087" B="" C="DET-5000000"/>
    <DLV A="F424" B="" C="DET-5000000"/>
    <DLV A="F425" B="" C="DET-5000000"/>
    <DLV A="0251" B="" C="DET-5000000"/>
    <DLV A="0252" B="" C="DET-5000000"/>
    <DLV A="0086" B="" C="DET-5000001"/>
    <DLV A="0087" B="" C="DET-5000001"/>
    <DLV A="0088" B="" C="DET-5000001"/>
    <DLV A="0086" B="" C="DET-5000003"/>
    <DLV A="0087" B="" C="DET-5000003"/>
    <DLV A="009D" B="" C="DET-5000003"/>
    <DLV A="0086" B="" C="DET-5000002"/>
    <DLV A="0087" B="" C="DET-5000002"/>
    <DLV A="009D" B="" C="DET-5000002"/>
    <DLV A="0086" B="" C="DET-5000004"/>
    <DLV A="0087" B="" C="DET-5000004"/>
    <DLV A="009D" B="" C="DET-5000004"/>
    <DLV A="0170" B="" C="DET-3"/>
    <DLV A="0046" B="" C="DET-2000002"/>
    <DLV A="0086" B="" C="DET-2000001"/>
    <DLV A="0087" B="" C="DET-2000001"/>
    <DLV A="008D" B="" C="DET-2000000"/>
    <DLV A="009D" B="" C="DET-2000001"/>
    <DLV A="0077" B="" C="DET-3"/>
</TIM>
