<?xml version="1.0" encoding="UTF-8"?>
<XFC >
	<DVC A="DVC-1" B="SM27_Tillage" C="1.6.2.1" D="A00484000BC8AA52" E="1234567890" F="01010102060185" G="FF0000040F6E65" >
		<DET A="DET-2" B="1" C="1" D="SM27_Tillage" E="0" F="0" >
			<DOR A="2" />
			<DOR A="3" />
			<DOR A="4" />
			<DOR A="6" />
			<DOR A="8" />
			<DOR A="9" />
			<DOR A="10" />
			<DOR A="11" />
			<DOR A="12" />
		</DET>
		<DPD A="2" B="DFFF" C="0" D="31" E="RequestDefaultLogging" />
		<DPD A="3" B="008D" C="1" D="9" E="In Work Status" />
		<DPD A="4" B="0043" C="1" D="8" E="Working Width Actual" F="5" />
		<DPD A="6" B="0086" C="0" D="1" E="Center Offset" F="7" />
		<DPD A="8" B="0087" C="0" D="1" E="Rear Offset" F="7" />
		<DPD A="9" B="E005" C="1" D="8" E="Depth Override Mode" />
		<DPD A="10" B="E006" C="1" D="8" E="Basket Override Mode" />
		<DPD A="11" B="E007" C="1" D="8" E="Basket Raise Mode" />
		<DPD A="12" B="E008" C="1" D="8" E="Basket Manual Mode" />
		<DET A="DET-3" B="13" C="4" D="FOREAFT" E="48" F="1" >
			<DOR A="14" />
			<DOR A="16" />
		</DET>
		<DPD A="14" B="E009" C="1" D="8" E="Fore/Aft Target (steps)" F="15" />
		<DPD A="16" B="E00A" C="1" D="9" E="Fore/Aft Actual Position (steps)" F="15" />
		<DET A="DET-4" B="17" C="4" D="Disk_frame" E="64" F="1" >
			<DOR A="18" />
			<DOR A="19" />
			<DOR A="20" />
			<DOR A="21" />
		</DET>
		<DPD A="18" B="E00B" C="1" D="8" E="Disk Frame Target (mm)" F="7" />
		<DPD A="19" B="E00C" C="1" D="9" E="Disk Frame Actual Position (mm)" F="7" />
		<DPD A="20" B="E00D" C="1" D="9" E="Disk Float Actual Steps (steps)" F="15" />
		<DPD A="21" B="E004" C="1" D="8" E="Disk Frame Override Mode" />
		<DET A="DET-5" B="22" C="4" D="Main_Depth" E="16" F="1" >
			<DOR A="23" />
			<DOR A="24" />
		</DET>
		<DPD A="23" B="0033" C="1" D="8" E="Main Depth Target (mm)" F="7" />
		<DPD A="24" B="0034" C="1" D="9" E="Main Depth Actual (mm)" F="7" />
		<DET A="DET-6" B="25" C="4" D="Main_Basket" E="32" F="1" >
			<DOR A="26" />
			<DOR A="28" />
		</DET>
		<DPD A="26" B="E014" C="1" D="8" E="Basket Target (N/m)" F="27" />
		<DPD A="28" B="E015" C="1" D="9" E="Main Basket Actual (N/m)" F="27" />
		<DET A="DET-7" B="29" C="4" D="Leveler" E="80" F="1" >
			<DOR A="30" />
			<DOR A="31" />
		</DET>
		<DPD A="30" B="E012" C="1" D="8" E="Leveler Target (mm)" F="7" />
		<DPD A="31" B="E013" C="1" D="9" E="Leveler Actual (mm)" F="7" />
		<DET A="DET-8" B="32" C="4" D="Depth_Wing1" E="96" F="1" >
			<DOR A="33" />
			<DOR A="34" />
		</DET>
		<DPD A="33" B="E00E" C="1" D="9" E="Wing1 Left Depth Actual (mm)" F="7" />
		<DPD A="34" B="E00F" C="1" D="9" E="Wing1 Right Depth Actual (mm)" F="7" />
		<DET A="DET-9" B="35" C="4" D="Basket_Wing1" E="112" F="1" >
			<DOR A="36" />
		</DET>
		<DPD A="36" B="E016" C="1" D="9" E="Wing1 Basket Actual Press (N/m)" F="27" />
		<DET A="DET-10" B="42" C="2" D="Diagnostic" E="1536" F="1" />
		<DET A="DET-11" B="43" C="5" D="Alarm" E="1024" F="42" >
			<DOR A="44" />
		</DET>
		<DPD A="44" B="E018" C="1" D="8" E="Alarm" />
		<DET A="DET-12" B="45" C="5" D="Fault" E="1280" F="42" >
			<DOR A="46" />
		</DET>
		<DPD A="46" B="E019" C="1" D="8" E="Fault" />
		<DVP A="5" B="0" C="0.001000000" D="1" E="meters" />
		<DVP A="7" B="0" C="1.000000000" D="1" E="cm" />
		<DVP A="15" B="0" C="58.400001526" D="1" E="Steps" />
		<DVP A="27" B="0" C="0.100000001" D="1" E="N/mm" />
	</DVC>
</XFC>
