<?xml version="1.0" encoding="UTF-8"?>
<TIM A="" D="4" >
	<PTN A="" B="" C="" D="" E="" F="" G="" H="" />
	<DLV A="DFFF" B="" C="DET-2" />
	<DLV A="008D" B="" C="DET-2" />
	<DLV A="0043" B="" C="DET-2" />
	<DLV A="0086" B="" C="DET-2" />
	<DLV A="0087" B="" C="DET-2" />
	<DLV A="E005" B="" C="DET-2" />
	<DLV A="E006" B="" C="DET-2" />
	<DLV A="E007" B="" C="DET-2" />
	<DLV A="E008" B="" C="DET-2" />
	<DLV A="E009" B="" C="DET-3" />
	<DLV A="E00A" B="" C="DET-3" />
	<DLV A="E00B" B="" C="DET-4" />
	<DLV A="E00C" B="" C="DET-4" />
	<DLV A="E00D" B="" C="DET-4" />
	<DLV A="E004" B="" C="DET-4" />
	<DLV A="0033" B="" C="DET-5" />
	<DLV A="0034" B="" C="DET-5" />
	<DLV A="E014" B="" C="DET-6" />
	<DLV A="E015" B="" C="DET-6" />
	<DLV A="E012" B="" C="DET-7" />
	<DLV A="E013" B="" C="DET-7" />
	<DLV A="E00E" B="" C="DET-8" />
	<DLV A="E00F" B="" C="DET-8" />
	<DLV A="E016" B="" C="DET-9" />
	<DLV A="E018" B="" C="DET-11" />
	<DLV A="E019" B="" C="DET-12" />
</TIM>
