<?xml version="1.0" encoding="UTF-8"?>
<XFC >
	<TSK A="TSK-0" B="19/04/23-19:04:37" E="PFD-0" G="3" >
		<DAN A="A00484000BC8AA52" C="DVC-1" >
			<ASP A="2019-04-23T19:07:12" D="4" />
			<ASP A="2019-04-23T19:34:47" D="4" />
		</DAN>
		<DLT A="DFFF" B="31" H="DET-2" />
		<TIM A="2019-04-23T19:35:18" B="2019-04-23T19:36:11" C="41" D="5" >
			<PTN A="41.786296467" B="-87.950197051" C="0" D="4" E="10.000000" F="10.000000" G="6" H="1978483" />
		</TIM>
		<TIM A="2019-04-23T19:05:42" D="8" />
		<DLT A="008D" B="9" H="DET-2" />
		<DLT A="0043" B="8" H="DET-2" />
		<DLT A="0086" B="1" H="DET-2" />
		<DLT A="0087" B="1" H="DET-2" />
		<DLT A="E005" B="8" H="DET-2" />
		<DLT A="E006" B="8" H="DET-2" />
		<DLT A="E007" B="8" H="DET-2" />
		<DLT A="E008" B="8" H="DET-2" />
		<DLT A="E009" B="8" H="DET-3" />
		<DLT A="E00A" B="9" H="DET-3" />
		<DLT A="E00B" B="8" H="DET-4" />
		<DLT A="E00C" B="9" H="DET-4" />
		<DLT A="E00D" B="9" H="DET-4" />
		<DLT A="E004" B="8" H="DET-4" />
		<DLT A="0033" B="8" H="DET-5" />
		<DLT A="0034" B="9" H="DET-5" />
		<DLT A="E014" B="8" H="DET-6" />
		<DLT A="E015" B="9" H="DET-6" />
		<DLT A="E012" B="8" H="DET-7" />
		<DLT A="E013" B="9" H="DET-7" />
		<DLT A="E00E" B="9" H="DET-8" />
		<DLT A="E00F" B="9" H="DET-8" />
		<DLT A="E016" B="9" H="DET-9" />
		<DLT A="E018" B="8" H="DET-11" />
		<DLT A="E019" B="8" H="DET-12" />
		<TLG A="TLG00001" B="65475" C="1" />
		<TLG A="TLG00006" B="3441" C="1" />
	</TSK>
	<TSK A="TSK-1" B="19/04/23-19:26:04" E="PFD-0" G="3" >
		<DAN A="A00484000BC8AA52" C="DVC-1" >
			<ASP A="2019-04-23T19:26:06" D="4" />
		</DAN>
		<DLT A="DFFF" B="31" H="DET-2" />
		<TIM A="2019-04-23T19:27:53" B="2019-04-23T19:29:37" C="88" D="5" >
			<PTN A="41.777826556" B="-87.950197051" C="0" D="4" E="10.000000" F="10.000000" G="6" H="1580384" />
		</TIM>
		<DLT A="008D" B="9" H="DET-2" />
		<DLT A="0043" B="8" H="DET-2" />
		<DLT A="0086" B="1" H="DET-2" />
		<DLT A="0087" B="1" H="DET-2" />
		<DLT A="E005" B="8" H="DET-2" />
		<DLT A="E006" B="8" H="DET-2" />
		<DLT A="E007" B="8" H="DET-2" />
		<DLT A="E008" B="8" H="DET-2" />
		<DLT A="E009" B="8" H="DET-3" />
		<DLT A="E00A" B="9" H="DET-3" />
		<DLT A="E00B" B="8" H="DET-4" />
		<DLT A="E00C" B="9" H="DET-4" />
		<DLT A="E00D" B="9" H="DET-4" />
		<DLT A="E004" B="8" H="DET-4" />
		<DLT A="0033" B="8" H="DET-5" />
		<DLT A="0034" B="9" H="DET-5" />
		<DLT A="E014" B="8" H="DET-6" />
		<DLT A="E015" B="9" H="DET-6" />
		<DLT A="E012" B="8" H="DET-7" />
		<DLT A="E013" B="9" H="DET-7" />
		<DLT A="E00E" B="9" H="DET-8" />
		<DLT A="E00F" B="9" H="DET-8" />
		<DLT A="E016" B="9" H="DET-9" />
		<DLT A="E018" B="8" H="DET-11" />
		<DLT A="E019" B="8" H="DET-12" />
		<TLG A="TLG00002" B="11990" C="1" />
	</TSK>
	<TSK A="TSK-2" B="19/04/23-19:29:34" E="PFD-0" G="3" >
		<DAN A="A00484000BC8AA52" C="DVC-1" >
			<ASP A="2019-04-23T19:29:35" D="4" />
			<ASP A="2019-04-23T19:33:48" D="4" />
		</DAN>
		<DLT A="DFFF" B="31" H="DET-2" />
		<TIM A="2019-04-23T19:33:42" B="2019-04-23T19:34:27" C="35" D="5" >
			<PTN A="41.784135751" B="-87.950197051" C="0" D="4" E="10.000000" F="10.000000" G="6" H="1876926" />
		</TIM>
		<DLT A="008D" B="9" H="DET-2" />
		<DLT A="0043" B="8" H="DET-2" />
		<DLT A="0086" B="1" H="DET-2" />
		<DLT A="0087" B="1" H="DET-2" />
		<DLT A="E005" B="8" H="DET-2" />
		<DLT A="E006" B="8" H="DET-2" />
		<DLT A="E007" B="8" H="DET-2" />
		<DLT A="E008" B="8" H="DET-2" />
		<DLT A="E009" B="8" H="DET-3" />
		<DLT A="E00A" B="9" H="DET-3" />
		<DLT A="E00B" B="8" H="DET-4" />
		<DLT A="E00C" B="9" H="DET-4" />
		<DLT A="E00D" B="9" H="DET-4" />
		<DLT A="E004" B="8" H="DET-4" />
		<DLT A="0033" B="8" H="DET-5" />
		<DLT A="0034" B="9" H="DET-5" />
		<DLT A="E014" B="8" H="DET-6" />
		<DLT A="E015" B="9" H="DET-6" />
		<DLT A="E012" B="8" H="DET-7" />
		<DLT A="E013" B="9" H="DET-7" />
		<DLT A="E00E" B="9" H="DET-8" />
		<DLT A="E00F" B="9" H="DET-8" />
		<DLT A="E016" B="9" H="DET-9" />
		<DLT A="E018" B="8" H="DET-11" />
		<DLT A="E019" B="8" H="DET-12" />
		<TLG A="TLG00003" B="8502" C="1" />
		<TIM A="2019-04-23T19:31:15" D="8" />
		<TLG A="TLG00004" B="2284" C="1" />
	</TSK>
	<TSK A="TSK-3" B="19/04/23-19:34:24" E="PFD-0" G="3" >
		<DAN A="A00484000BC8AA52" C="DVC-1" >
			<ASP A="2019-04-23T19:34:25" D="4" />
		</DAN>
		<DLT A="DFFF" B="31" H="DET-2" />
		<TIM A="2019-04-23T19:34:29" B="2019-04-23T19:35:07" C="14" D="5" >
			<PTN A="41.784670116" B="-87.950197051" C="0" D="4" E="10.000000" F="10.000000" G="6" H="1902042" />
		</TIM>
		<DLT A="008D" B="9" H="DET-2" />
		<DLT A="0043" B="8" H="DET-2" />
		<DLT A="0086" B="1" H="DET-2" />
		<DLT A="0087" B="1" H="DET-2" />
		<DLT A="E005" B="8" H="DET-2" />
		<DLT A="E006" B="8" H="DET-2" />
		<DLT A="E007" B="8" H="DET-2" />
		<DLT A="E008" B="8" H="DET-2" />
		<DLT A="E009" B="8" H="DET-3" />
		<DLT A="E00A" B="9" H="DET-3" />
		<DLT A="E00B" B="8" H="DET-4" />
		<DLT A="E00C" B="9" H="DET-4" />
		<DLT A="E00D" B="9" H="DET-4" />
		<DLT A="E004" B="8" H="DET-4" />
		<DLT A="0033" B="8" H="DET-5" />
		<DLT A="0034" B="9" H="DET-5" />
		<DLT A="E014" B="8" H="DET-6" />
		<DLT A="E015" B="9" H="DET-6" />
		<DLT A="E012" B="8" H="DET-7" />
		<DLT A="E013" B="9" H="DET-7" />
		<DLT A="E00E" B="9" H="DET-8" />
		<DLT A="E00F" B="9" H="DET-8" />
		<DLT A="E016" B="9" H="DET-9" />
		<DLT A="E018" B="8" H="DET-11" />
		<DLT A="E019" B="8" H="DET-12" />
		<TLG A="TLG00005" B="1073" C="1" />
	</TSK>
	<TSK A="TSK-4" B="19/04/23-19:36:13" E="PFD-0" G="3" >
		<DAN A="A00484000BC8AA52" C="DVC-1" >
			<ASP A="2019-04-23T19:36:15" D="4" />
		</DAN>
		<DLT A="DFFF" B="31" H="DET-2" />
		<TIM A="2019-04-23T19:36:17" B="2019-04-23T19:40:01" C="223" D="5" >
			<PTN A="41.791431027" B="-87.950197051" C="0" D="4" E="10.000000" F="10.000000" G="6" H="2219816" />
		</TIM>
		<DLT A="008D" B="9" H="DET-2" />
		<DLT A="0043" B="8" H="DET-2" />
		<DLT A="0086" B="1" H="DET-2" />
		<DLT A="0087" B="1" H="DET-2" />
		<DLT A="E005" B="8" H="DET-2" />
		<DLT A="E006" B="8" H="DET-2" />
		<DLT A="E007" B="8" H="DET-2" />
		<DLT A="E008" B="8" H="DET-2" />
		<DLT A="E009" B="8" H="DET-3" />
		<DLT A="E00A" B="9" H="DET-3" />
		<DLT A="E00B" B="8" H="DET-4" />
		<DLT A="E00C" B="9" H="DET-4" />
		<DLT A="E00D" B="9" H="DET-4" />
		<DLT A="E004" B="8" H="DET-4" />
		<DLT A="0033" B="8" H="DET-5" />
		<DLT A="0034" B="9" H="DET-5" />
		<DLT A="E014" B="8" H="DET-6" />
		<DLT A="E015" B="9" H="DET-6" />
		<DLT A="E012" B="8" H="DET-7" />
		<DLT A="E013" B="9" H="DET-7" />
		<DLT A="E00E" B="9" H="DET-8" />
		<DLT A="E00F" B="9" H="DET-8" />
		<DLT A="E016" B="9" H="DET-9" />
		<DLT A="E018" B="8" H="DET-11" />
		<DLT A="E019" B="8" H="DET-12" />
		<TLG A="TLG00007" B="18806" C="1" />
		<TIM A="2019-04-23T19:40:00" D="8" />
	</TSK>
</XFC>
