{
  "InputAndOutputs": [
    {
      "FileName": "D:\\Users\\F16354C\\OneDrive - CNH Industrial\\Documents\\CNH\\CNH Ind\\CN1 folder\\EVO Data Files\\Boundary\\180604M0.cn1\\shared\\8H1H6029.fmd\\8H1H602W.fld\\8H1H60DM.tsh",
      "CalibInput": {
        "mode": "Grain",
        "is_cnh": false,
        "byte_buffer": "hAMnBqsJ5AwdEFYTmRbIGTMdUyDXIzIAAAAAANYYAAAAAAAAAAAAAAAAAAAAAAAAAAAAABZa9QAAAAAAAAAAAAAAAAAAAAAAAAAAAAAAAAAAAAAA",
        "crop_id": 0,
        "moisture_percent": 11.364370406137669
      },
      "CalibOutput": {
        "mode": "Grain",
        "crop_id": 0,
        "moisture_percent": 11.364370406137669,
        "crop_weight": 123276.54742082147,
        "sample_flow_0": [
          {
            "min_force": 0,
            "min_flow": -1.0,
            "flow_increment": 0.0072225000000000206
          },
          {
            "min_force": 1000,
            "min_flow": 6.3800000000000008,
            "flow_increment": 0.009629999999997807
          },
          {
            "min_force": 2000,
            "min_flow": 15.905000000000001,
            "flow_increment": 0.0088274999999988779
          },
          {
            "min_force": 5000,
            "min_flow": 42.422500000000007,
            "flow_increment": 0.0089344999999951824
          },
          {
            "min_force": 6000,
            "min_flow": 51.27300000000001,
            "flow_increment": 0.008720499999995468
          },
          {
            "min_force": 7000,
            "min_flow": 60.287500000000009,
            "flow_increment": 0.0093625000000088221
          },
          {
            "min_force": 8000,
            "min_flow": 69.23,
            "flow_increment": 0.0085599999999885767
          },
          {
            "min_force": 9000,
            "min_flow": 78.42,
            "flow_increment": 0.00963000000000136
          }
        ],
        "sample_flow_100": [
          {
            "min_force": 0,
            "min_flow": -1.0,
            "flow_increment": 0.0038475000000000037
          },
          {
            "min_force": 1000,
            "min_flow": 1.8800000000000008,
            "flow_increment": 0.0051299999999985246
          },
          {
            "min_force": 2000,
            "min_flow": 7.6550000000000011,
            "flow_increment": 0.0047025000000004979
          },
          {
            "min_force": 5000,
            "min_flow": 21.5475,
            "flow_increment": 0.0047594999999986953
          },
          {
            "min_force": 6000,
            "min_flow": 26.823000000000011,
            "flow_increment": 0.0046454999999987479
          },
          {
            "min_force": 7000,
            "min_flow": 29.662500000000009,
            "flow_increment": 0.00498749999999859
          },
          {
            "min_force": 8000,
            "min_flow": 37.230000000000004,
            "flow_increment": 0.0045599999999978991
          },
          {
            "min_force": 9000,
            "min_flow": 37.92,
            "flow_increment": 0.0051300000000011892
          }
        ]
      }
    }
  ]
}