﻿<?xml version="1.0" encoding="utf-8"?>
<ISO11783_TaskData VersionMajor="4" VersionMinor="0" ManagementSoftwareManufacturer="Trimble Ag Software" ManagementSoftwareVersion="2018.03.00.40" DataTransferOrigin="1">
  <CTP A="CTP1" B="FERT">
    <CVT A="CVT1" B="GRAN" />
    <CVT A="CVT2" B="Seed_Count_MAp" />
  </CTP>
  <PGP A="PGP1" B="Fuel" />
  <PGP A="PGP2" B="FERT" C="2" />
  <PGP A="PGP3" B="Fertilizer" />
  <PDT A="PDT1" B="DEF" C="PGP1" F="1" />
  <PDT A="PDT2" B="GRAN" C="PGP2" D="VPN1" E="004B" F="1" />
  <PDT A="PDT3" B="Ferilizer" C="PGP3" D="VPN1" E="004B" F="1" />
  <PDT A="PDT4" B="Product_1" C="PGP3" D="VPN2" E="0048" F="1" />
  <PDT A="PDT5" B="Seed_Count_MAp" C="PGP2" D="VPN3" E="004E" F="1" />
  <PDT A="PDT6" B="Slurry" C="PGP3" D="VPN2" E="0048" F="1" />
  <VPN A="VPN1" B="0" C="0.00220462262184878" D="2" E="lbs" />
  <VPN A="VPN2" B="0" C="0.000264172051241558" D="2" E="gal" />
  <VPN A="VPN3" B="0" C="1" D="2" E="pop" />
  <VPN A="VPN4" B="0" C="0.00892179121090595" D="2" E="lbs/ac" F="CLD1" />
  <CLD A="CLD1" B="0">
    <CRG A="-7000" B="7000" C="13" />
    <CRG A="7001" B="15500" C="12" />
    <CRG A="15501" B="18500" C="14" />
    <CRG A="18501" B="21500" C="10" />
    <CRG A="21501" B="23999" C="11" />
    <CRG A="24000" B="25999" C="9" />
  </CLD>
  <WKR A="WKR1" B="FT" />
  <CTR A="CTR1" B="AEF PlugFest Fall 2014" />
  <FRM A="FRM1" B="Senlis" I="CTR1" />
  <PFD A="PFD1" C="South_America_Field" D="286834" E="CTR1" F="FRM1">
    <PLN A="1" B="South_America_Field" C="286839" E="PLN1">
      <LSG A="1">
        <PNT A="2" C="-14.774033357369175" D="-50.510266557977111" />
        <PNT A="2" C="-14.774270059528291" D="-50.510493906586127" />
        <PNT A="2" C="-14.774270059528291" D="-50.510668734788652" />
        <PNT A="2" C="-14.771547882169035" D="-50.51491785151314" />
        <PNT A="2" C="-14.768200245980554" D="-50.514707949751468" />
        <PNT A="2" C="-14.769654233951645" D="-50.508395608427158" />
        <PNT A="2" C="-14.77102386085212" D="-50.508902646187323" />
        <PNT A="2" C="-14.770753240652978" D="-50.509252482456766" />
        <PNT A="2" C="-14.771378831951964" D="-50.509654659268307" />
        <PNT A="2" C="-14.771818501378528" D="-50.509322449710645" />
        <PNT A="2" C="-14.774033357369175" D="-50.510266557977111" />
      </LSG>
    </PLN>
  </PFD>
  <TSK A="TSK1" B="Grid Granular RX" C="CTR1" D="FRM1" E="PFD1" G="1" H="254" J="253">
    <TIM A="2018-04-24T05:00:00" D="1" />
    <DLT A="DFFF" B="31" />
    <GRD A="-14.77430867" B="-50.51491461" C="0.00004125" D="0.00004280" E="153" F="149" G="GRD00000" I="2" J="0" />
    <TZN A="254" B="Default">
      <PDV A="0006" B="0" C="PDT3" E="VPN4" />
    </TZN>
    <TZN A="253" B="Out of Field">
      <PDV A="0006" B="0" C="PDT3" E="VPN4" />
    </TZN>
    <TZN A="0">
      <PDV A="0006" B="0" C="PDT3" E="VPN4" />
    </TZN>
  </TSK>
</ISO11783_TaskData>