<?xml version="1.0" encoding="UTF-8"?>
<ISO11783_TaskData VersionMajor="4" VersionMinor="2" ManagementSoftwareManufacturer="CNH Industrial N.V." ManagementSoftwareVersion="03.05.16.1987" TaskControllerManufacturer="CNH Industrial N.V." TaskControllerVersion="2021.3.2" DataTransferOrigin="2" P094_XML_VERSION="1" P094_ADDITIONAL="2021.03.02 41.1.8 03.05.16.1987">
	<AFE A="LINKLIST.XML" B="1" C="SAE1939:094" D="1"/>
	<PDT A="PDT-1" B="My Mix" F="2" G="2649788" P094_Product_Form="2" P094_Product_Usage="4" P094_Product_Rate1Value="0.014030930000" P094_Product_Rate2Value="0.009353950000" P094_Product_MinRateValue="0.004676980000" P094_Product_MaxRateValue="0.017538660000" P094_Product_DeltaRateValue="0.000935400000" P094_ProductUnits="0" P094_Product_PackageUnits="0" P094_Product_Density_Units="0">
		<PRN A="PDT-2" B="1892706" P094_ProductUnits="0"/>
		<PRN A="PDT-3" B="757082" P094_ProductUnits="0"/>
		<PRN A="PDT-4" B="90719" P094_ProductUnits="16"/>
	</PDT>
	<PDT A="PDT-2" B="Component 1" F="1" P094_Product_Form="2" P094_Product_Usage="1" P094_Product_Rate1Value="0.000000000000" P094_Product_Rate2Value="0.000000000000" P094_Product_MinRateValue="0.000000000000" P094_Product_MaxRateValue="0.000000000000" P094_Product_DeltaRateValue="0.000000000000" P094_ProductUnits="0" P094_Product_PackageUnits="0" P094_Product_Density_Units="0" P094_FormLock="1" P094_UsageLock="1"/>
	<PDT A="PDT-3" B="Component 2" F="1" P094_Product_Form="2" P094_Product_Usage="4" P094_Product_Rate1Value="0.000000000000" P094_Product_Rate2Value="0.000000000000" P094_Product_MinRateValue="0.000000000000" P094_Product_MaxRateValue="0.000000000000" P094_Product_DeltaRateValue="0.000000000000" P094_ProductUnits="0" P094_Product_PackageUnits="0" P094_Product_Density_Units="0" P094_FormLock="1" P094_UsageLock="1"/>
	<PDT A="PDT-4" B="Component 3" F="1" P094_Product_Form="1" P094_Product_Usage="4" P094_Product_Rate1Value="0.000000000000" P094_Product_Rate2Value="0.000000000000" P094_Product_MinRateValue="0.000000000000" P094_Product_MaxRateValue="0.000000000000" P094_Product_DeltaRateValue="0.000000000000" P094_ProductUnits="16" P094_Product_PackageUnits="16" P094_Product_Density_Units="0" P094_FormLock="1" P094_UsageLock="1"/>
</ISO11783_TaskData>
