<?xml version="1.0" encoding="UTF-8"?>
<ISO11783LinkList VersionMajor="4" VersionMinor="2" ManagementSoftwareManufacturer="CNH Industrial N.V." ManagementSoftwareVersion="2.*.*.*" DataTransferOrigin="2">
	<LGP A="LGP-2" B="1" E="Device UUIDs">
		<LNK A="DVC-1" B="3c00a74c-6bc8-4c5f-b6c0-fa342f605488" C="Case IH 2150 Front-Fold 24 Rows"/>
	</LGP>
	<LGP A="LGP-3" B="1" E="Device UUIDs">
		<LNK A="DVC-2000001" B="861d7e52-f0f4-4a3a-b4f3-8e558713638c" C="Trip Computer Data"/>
	</LGP>
	<LGP A="LGP-4" B="1" E="Device UUIDs">
		<LNK A="DVC-5000000" B="6bee7416-8da9-4389-95e9-d646d3840b7d" C="Vehicle Geometry"/>
	</LGP>
</ISO11783LinkList>
