<?xml version="1.0" encoding="UTF-8"?>
<ISO11783_TaskData VersionMajor="4" VersionMinor="2" ManagementSoftwareManufacturer="CNH Industrial N.V." ManagementSoftwareVersion="03.05.12.13515" TaskControllerManufacturer="CNH Industrial N.V." TaskControllerVersion="2021.3.2" DataTransferOrigin="2" P094_XML_VERSION="1" P094_ADDITIONAL="2021.03.02 41.2.1 03.05.12.13515">
	<AFE A="LINKLIST.XML" B="1" C="SAE1939:094" D="1"/>
	<AFE A="COV-1.BIN" B="1" C="SAE1939:094" D="171"/>
	<AFE A="VAR-1.BIN" B="1" C="SAE1939:094" D="171"/>
	<CPC A="CPC-1" B="PLANTING"/>
	<CTR A="CTR-1" B="North America"/>
	<DVC A="DVC-1" B="Case IH 2150 Front-Fold 24 Rows" C="0.0.0.12" D="A00884000BC8AA52" E="1234567890" F="01012D180C007B" G="FF565A035F6E65">
		<DET A="DET-1" B="1" C="1" D="2000 Series Planter" E="0" F="0">
			<DOR A="2"/>
			<DOR A="3"/>
			<DOR A="4"/>
		</DET>
		<DET A="DET-2" B="6" C="6" D="Connector" E="1" F="1">
			<DOR A="7"/>
			<DOR A="9"/>
			<DOR A="10"/>
			<DOR A="11"/>
		</DET>
		<DET A="DET-3" B="12" C="2" D="Seed Boom" E="2" F="1">
			<DOR A="13"/>
			<DOR A="3"/>
			<DOR A="14"/>
			<DOR A="15"/>
			<DOR A="10"/>
			<DOR A="16"/>
			<DOR A="18"/>
			<DOR A="19"/>
			<DOR A="20"/>
			<DOR A="21"/>
			<DOR A="22"/>
			<DOR A="24"/>
			<DOR A="25"/>
			<DOR A="4"/>
			<DOR A="27"/>
			<DOR A="28"/>
			<DOR A="30"/>
			<DOR A="31"/>
			<DOR A="32"/>
			<DOR A="33"/>
			<DOR A="34"/>
			<DOR A="35"/>
			<DOR A="36"/>
			<DOR A="37"/>
			<DOR A="38"/>
		</DET>
		<DET A="DET-4" B="46" C="2" D="Liquid Boom" E="514" F="1">
			<DOR A="13"/>
			<DOR A="3"/>
			<DOR A="14"/>
			<DOR A="15"/>
			<DOR A="10"/>
			<DOR A="47"/>
			<DOR A="49"/>
			<DOR A="50"/>
			<DOR A="51"/>
			<DOR A="52"/>
			<DOR A="24"/>
			<DOR A="25"/>
			<DOR A="4"/>
			<DOR A="27"/>
			<DOR A="28"/>
			<DOR A="30"/>
			<DOR A="31"/>
			<DOR A="33"/>
			<DOR A="34"/>
			<DOR A="35"/>
		</DET>
		<DET A="DET-5" B="53" C="2" D="Seed Sub Boom 1" E="19" F="12">
			<DOR A="14"/>
			<DOR A="10"/>
			<DOR A="16"/>
			<DOR A="18"/>
			<DOR A="4"/>
			<DOR A="27"/>
		</DET>
		<DET A="DET-6" B="54" C="2" D="Seed Sub Boom 2" E="20" F="12">
			<DOR A="14"/>
			<DOR A="10"/>
			<DOR A="16"/>
			<DOR A="18"/>
			<DOR A="4"/>
			<DOR A="27"/>
		</DET>
		<DET A="DET-7" B="55" C="2" D="Seed Sub Boom 3" E="273" F="12">
			<DOR A="14"/>
			<DOR A="10"/>
			<DOR A="16"/>
			<DOR A="18"/>
			<DOR A="4"/>
			<DOR A="27"/>
		</DET>
		<DET A="DET-8" B="56" C="2" D="Seed Sub Boom 4" E="274" F="12">
			<DOR A="14"/>
			<DOR A="10"/>
			<DOR A="16"/>
			<DOR A="18"/>
			<DOR A="4"/>
			<DOR A="27"/>
		</DET>
		<DET A="DET-9" B="93" C="4" D="Liquid Section 1" E="529" F="46">
			<DOR A="14"/>
			<DOR A="15"/>
			<DOR A="10"/>
			<DOR A="94"/>
			<DOR A="49"/>
		</DET>
		<DET A="DET-10" B="95" C="4" D="Liquid Section 2" E="530" F="46">
			<DOR A="14"/>
			<DOR A="15"/>
			<DOR A="10"/>
			<DOR A="94"/>
			<DOR A="49"/>
		</DET>
		<DET A="DET-11" B="96" C="4" D="Liquid Section 3" E="531" F="46">
			<DOR A="14"/>
			<DOR A="15"/>
			<DOR A="10"/>
			<DOR A="94"/>
			<DOR A="49"/>
		</DET>
		<DET A="DET-12" B="130" C="4" D="Seed Section/Row 1" E="321" F="53">
			<DOR A="94"/>
			<DOR A="14"/>
			<DOR A="15"/>
			<DOR A="10"/>
		</DET>
		<DET A="DET-13" B="131" C="4" D="Seed Section/Row 2" E="322" F="53">
			<DOR A="94"/>
			<DOR A="14"/>
			<DOR A="15"/>
			<DOR A="10"/>
		</DET>
		<DET A="DET-14" B="132" C="4" D="Seed Section/Row 3" E="323" F="53">
			<DOR A="94"/>
			<DOR A="14"/>
			<DOR A="15"/>
			<DOR A="10"/>
		</DET>
		<DET A="DET-15" B="133" C="4" D="Seed Section/Row 4" E="324" F="53">
			<DOR A="94"/>
			<DOR A="14"/>
			<DOR A="15"/>
			<DOR A="10"/>
		</DET>
		<DET A="DET-16" B="134" C="4" D="Seed Section/Row 5" E="325" F="53">
			<DOR A="94"/>
			<DOR A="14"/>
			<DOR A="15"/>
			<DOR A="10"/>
		</DET>
		<DET A="DET-17" B="135" C="4" D="Seed Section/Row 6" E="326" F="53">
			<DOR A="94"/>
			<DOR A="14"/>
			<DOR A="15"/>
			<DOR A="10"/>
		</DET>
		<DET A="DET-18" B="136" C="4" D="Seed Section/Row 7" E="327" F="54">
			<DOR A="94"/>
			<DOR A="14"/>
			<DOR A="15"/>
			<DOR A="10"/>
		</DET>
		<DET A="DET-19" B="137" C="4" D="Seed Section/Row 8" E="328" F="54">
			<DOR A="94"/>
			<DOR A="14"/>
			<DOR A="15"/>
			<DOR A="10"/>
		</DET>
		<DET A="DET-20" B="138" C="4" D="Seed Section/Row 9" E="329" F="54">
			<DOR A="94"/>
			<DOR A="14"/>
			<DOR A="15"/>
			<DOR A="10"/>
		</DET>
		<DET A="DET-21" B="139" C="4" D="Seed Section/Row 10" E="330" F="54">
			<DOR A="94"/>
			<DOR A="14"/>
			<DOR A="15"/>
			<DOR A="10"/>
		</DET>
		<DET A="DET-22" B="140" C="4" D="Seed Section/Row 11" E="331" F="54">
			<DOR A="94"/>
			<DOR A="14"/>
			<DOR A="15"/>
			<DOR A="10"/>
		</DET>
		<DET A="DET-23" B="141" C="4" D="Seed Section/Row 12" E="332" F="54">
			<DOR A="94"/>
			<DOR A="14"/>
			<DOR A="15"/>
			<DOR A="10"/>
		</DET>
		<DET A="DET-24" B="142" C="4" D="Seed Section/Row 13" E="333" F="55">
			<DOR A="94"/>
			<DOR A="14"/>
			<DOR A="15"/>
			<DOR A="10"/>
		</DET>
		<DET A="DET-25" B="143" C="4" D="Seed Section/Row 14" E="334" F="55">
			<DOR A="94"/>
			<DOR A="14"/>
			<DOR A="15"/>
			<DOR A="10"/>
		</DET>
		<DET A="DET-26" B="144" C="4" D="Seed Section/Row 15" E="335" F="55">
			<DOR A="94"/>
			<DOR A="14"/>
			<DOR A="15"/>
			<DOR A="10"/>
		</DET>
		<DET A="DET-27" B="145" C="4" D="Seed Section/Row 16" E="336" F="55">
			<DOR A="94"/>
			<DOR A="14"/>
			<DOR A="15"/>
			<DOR A="10"/>
		</DET>
		<DET A="DET-28" B="146" C="4" D="Seed Section/Row 17" E="337" F="55">
			<DOR A="94"/>
			<DOR A="14"/>
			<DOR A="15"/>
			<DOR A="10"/>
		</DET>
		<DET A="DET-29" B="147" C="4" D="Seed Section/Row 18" E="338" F="55">
			<DOR A="94"/>
			<DOR A="14"/>
			<DOR A="15"/>
			<DOR A="10"/>
		</DET>
		<DET A="DET-30" B="148" C="4" D="Seed Section/Row 19" E="65" F="56">
			<DOR A="94"/>
			<DOR A="14"/>
			<DOR A="15"/>
			<DOR A="10"/>
		</DET>
		<DET A="DET-31" B="149" C="4" D="Seed Section/Row 20" E="66" F="56">
			<DOR A="94"/>
			<DOR A="14"/>
			<DOR A="15"/>
			<DOR A="10"/>
		</DET>
		<DET A="DET-32" B="150" C="4" D="Seed Section/Row 21" E="67" F="56">
			<DOR A="94"/>
			<DOR A="14"/>
			<DOR A="15"/>
			<DOR A="10"/>
		</DET>
		<DET A="DET-33" B="151" C="4" D="Seed Section/Row 22" E="68" F="56">
			<DOR A="94"/>
			<DOR A="14"/>
			<DOR A="15"/>
			<DOR A="10"/>
		</DET>
		<DET A="DET-34" B="152" C="4" D="Seed Section/Row 23" E="69" F="56">
			<DOR A="94"/>
			<DOR A="14"/>
			<DOR A="15"/>
			<DOR A="10"/>
		</DET>
		<DET A="DET-35" B="153" C="4" D="Seed Section/Row 24" E="70" F="56">
			<DOR A="94"/>
			<DOR A="14"/>
			<DOR A="15"/>
			<DOR A="10"/>
		</DET>
		<DET A="DET-36" B="166" C="5" D="Seed Unit/Row 1" E="369" F="130">
			<DOR A="14"/>
			<DOR A="10"/>
			<DOR A="18"/>
			<DOR A="167"/>
			<DOR A="169"/>
			<DOR A="170"/>
			<DOR A="171"/>
			<DOR A="173"/>
			<DOR A="174"/>
			<DOR A="175"/>
			<DOR A="176"/>
			<DOR A="177"/>
		</DET>
		<DET A="DET-37" B="178" C="5" D="Seed Unit/Row 2" E="370" F="131">
			<DOR A="14"/>
			<DOR A="10"/>
			<DOR A="18"/>
			<DOR A="167"/>
			<DOR A="169"/>
			<DOR A="170"/>
			<DOR A="171"/>
			<DOR A="173"/>
			<DOR A="174"/>
			<DOR A="175"/>
			<DOR A="176"/>
			<DOR A="177"/>
		</DET>
		<DET A="DET-38" B="179" C="5" D="Seed Unit/Row 3" E="371" F="132">
			<DOR A="14"/>
			<DOR A="10"/>
			<DOR A="18"/>
			<DOR A="167"/>
			<DOR A="169"/>
			<DOR A="170"/>
			<DOR A="171"/>
			<DOR A="173"/>
			<DOR A="174"/>
			<DOR A="175"/>
			<DOR A="176"/>
			<DOR A="177"/>
		</DET>
		<DET A="DET-39" B="180" C="5" D="Seed Unit/Row 4" E="372" F="133">
			<DOR A="14"/>
			<DOR A="10"/>
			<DOR A="18"/>
			<DOR A="167"/>
			<DOR A="169"/>
			<DOR A="170"/>
			<DOR A="171"/>
			<DOR A="173"/>
			<DOR A="174"/>
			<DOR A="175"/>
			<DOR A="176"/>
			<DOR A="177"/>
		</DET>
		<DET A="DET-40" B="181" C="5" D="Seed Unit/Row 5" E="373" F="134">
			<DOR A="14"/>
			<DOR A="10"/>
			<DOR A="18"/>
			<DOR A="167"/>
			<DOR A="169"/>
			<DOR A="170"/>
			<DOR A="171"/>
			<DOR A="173"/>
			<DOR A="174"/>
			<DOR A="175"/>
			<DOR A="176"/>
			<DOR A="177"/>
		</DET>
		<DET A="DET-41" B="182" C="5" D="Seed Unit/Row 6" E="374" F="135">
			<DOR A="14"/>
			<DOR A="10"/>
			<DOR A="18"/>
			<DOR A="167"/>
			<DOR A="169"/>
			<DOR A="170"/>
			<DOR A="171"/>
			<DOR A="173"/>
			<DOR A="174"/>
			<DOR A="175"/>
			<DOR A="176"/>
			<DOR A="177"/>
		</DET>
		<DET A="DET-42" B="183" C="5" D="Seed Unit/Row 7" E="375" F="136">
			<DOR A="14"/>
			<DOR A="10"/>
			<DOR A="18"/>
			<DOR A="167"/>
			<DOR A="169"/>
			<DOR A="170"/>
			<DOR A="171"/>
			<DOR A="173"/>
			<DOR A="174"/>
			<DOR A="175"/>
			<DOR A="176"/>
			<DOR A="177"/>
		</DET>
		<DET A="DET-43" B="184" C="5" D="Seed Unit/Row 8" E="376" F="137">
			<DOR A="14"/>
			<DOR A="10"/>
			<DOR A="18"/>
			<DOR A="167"/>
			<DOR A="169"/>
			<DOR A="170"/>
			<DOR A="171"/>
			<DOR A="173"/>
			<DOR A="174"/>
			<DOR A="175"/>
			<DOR A="176"/>
			<DOR A="177"/>
		</DET>
		<DET A="DET-44" B="185" C="5" D="Seed Unit/Row 9" E="377" F="138">
			<DOR A="14"/>
			<DOR A="10"/>
			<DOR A="18"/>
			<DOR A="167"/>
			<DOR A="169"/>
			<DOR A="170"/>
			<DOR A="171"/>
			<DOR A="173"/>
			<DOR A="174"/>
			<DOR A="175"/>
			<DOR A="176"/>
			<DOR A="177"/>
		</DET>
		<DET A="DET-45" B="186" C="5" D="Seed Unit/Row 10" E="378" F="139">
			<DOR A="14"/>
			<DOR A="10"/>
			<DOR A="18"/>
			<DOR A="167"/>
			<DOR A="169"/>
			<DOR A="170"/>
			<DOR A="171"/>
			<DOR A="173"/>
			<DOR A="174"/>
			<DOR A="175"/>
			<DOR A="176"/>
			<DOR A="177"/>
		</DET>
		<DET A="DET-46" B="187" C="5" D="Seed Unit/Row 11" E="379" F="140">
			<DOR A="14"/>
			<DOR A="10"/>
			<DOR A="18"/>
			<DOR A="167"/>
			<DOR A="169"/>
			<DOR A="170"/>
			<DOR A="171"/>
			<DOR A="173"/>
			<DOR A="174"/>
			<DOR A="175"/>
			<DOR A="176"/>
			<DOR A="177"/>
		</DET>
		<DET A="DET-47" B="188" C="5" D="Seed Unit/Row 12" E="380" F="141">
			<DOR A="14"/>
			<DOR A="10"/>
			<DOR A="18"/>
			<DOR A="167"/>
			<DOR A="169"/>
			<DOR A="170"/>
			<DOR A="171"/>
			<DOR A="173"/>
			<DOR A="174"/>
			<DOR A="175"/>
			<DOR A="176"/>
			<DOR A="177"/>
		</DET>
		<DET A="DET-48" B="189" C="5" D="Seed Unit/Row 13" E="381" F="142">
			<DOR A="14"/>
			<DOR A="10"/>
			<DOR A="18"/>
			<DOR A="167"/>
			<DOR A="169"/>
			<DOR A="170"/>
			<DOR A="171"/>
			<DOR A="173"/>
			<DOR A="174"/>
			<DOR A="175"/>
			<DOR A="176"/>
			<DOR A="177"/>
		</DET>
		<DET A="DET-49" B="190" C="5" D="Seed Unit/Row 14" E="382" F="143">
			<DOR A="14"/>
			<DOR A="10"/>
			<DOR A="18"/>
			<DOR A="167"/>
			<DOR A="169"/>
			<DOR A="170"/>
			<DOR A="171"/>
			<DOR A="173"/>
			<DOR A="174"/>
			<DOR A="175"/>
			<DOR A="176"/>
			<DOR A="177"/>
		</DET>
		<DET A="DET-50" B="191" C="5" D="Seed Unit/Row 15" E="383" F="144">
			<DOR A="14"/>
			<DOR A="10"/>
			<DOR A="18"/>
			<DOR A="167"/>
			<DOR A="169"/>
			<DOR A="170"/>
			<DOR A="171"/>
			<DOR A="173"/>
			<DOR A="174"/>
			<DOR A="175"/>
			<DOR A="176"/>
			<DOR A="177"/>
		</DET>
		<DET A="DET-51" B="192" C="5" D="Seed Unit/Row 16" E="384" F="145">
			<DOR A="14"/>
			<DOR A="10"/>
			<DOR A="18"/>
			<DOR A="167"/>
			<DOR A="169"/>
			<DOR A="170"/>
			<DOR A="171"/>
			<DOR A="173"/>
			<DOR A="174"/>
			<DOR A="175"/>
			<DOR A="176"/>
			<DOR A="177"/>
		</DET>
		<DET A="DET-52" B="193" C="5" D="Seed Unit/Row 17" E="385" F="146">
			<DOR A="14"/>
			<DOR A="10"/>
			<DOR A="18"/>
			<DOR A="167"/>
			<DOR A="169"/>
			<DOR A="170"/>
			<DOR A="171"/>
			<DOR A="173"/>
			<DOR A="174"/>
			<DOR A="175"/>
			<DOR A="176"/>
			<DOR A="177"/>
		</DET>
		<DET A="DET-53" B="194" C="5" D="Seed Unit/Row 18" E="386" F="147">
			<DOR A="14"/>
			<DOR A="10"/>
			<DOR A="18"/>
			<DOR A="167"/>
			<DOR A="169"/>
			<DOR A="170"/>
			<DOR A="171"/>
			<DOR A="173"/>
			<DOR A="174"/>
			<DOR A="175"/>
			<DOR A="176"/>
			<DOR A="177"/>
		</DET>
		<DET A="DET-54" B="195" C="5" D="Seed Unit/Row 19" E="113" F="148">
			<DOR A="14"/>
			<DOR A="10"/>
			<DOR A="18"/>
			<DOR A="167"/>
			<DOR A="169"/>
			<DOR A="170"/>
			<DOR A="171"/>
			<DOR A="173"/>
			<DOR A="174"/>
			<DOR A="175"/>
			<DOR A="176"/>
			<DOR A="177"/>
		</DET>
		<DET A="DET-55" B="196" C="5" D="Seed Unit/Row 20" E="114" F="149">
			<DOR A="14"/>
			<DOR A="10"/>
			<DOR A="18"/>
			<DOR A="167"/>
			<DOR A="169"/>
			<DOR A="170"/>
			<DOR A="171"/>
			<DOR A="173"/>
			<DOR A="174"/>
			<DOR A="175"/>
			<DOR A="176"/>
			<DOR A="177"/>
		</DET>
		<DET A="DET-56" B="197" C="5" D="Seed Unit/Row 21" E="115" F="150">
			<DOR A="14"/>
			<DOR A="10"/>
			<DOR A="18"/>
			<DOR A="167"/>
			<DOR A="169"/>
			<DOR A="170"/>
			<DOR A="171"/>
			<DOR A="173"/>
			<DOR A="174"/>
			<DOR A="175"/>
			<DOR A="176"/>
			<DOR A="177"/>
		</DET>
		<DET A="DET-57" B="198" C="5" D="Seed Unit/Row 22" E="116" F="151">
			<DOR A="14"/>
			<DOR A="10"/>
			<DOR A="18"/>
			<DOR A="167"/>
			<DOR A="169"/>
			<DOR A="170"/>
			<DOR A="171"/>
			<DOR A="173"/>
			<DOR A="174"/>
			<DOR A="175"/>
			<DOR A="176"/>
			<DOR A="177"/>
		</DET>
		<DET A="DET-58" B="199" C="5" D="Seed Unit/Row 23" E="117" F="152">
			<DOR A="14"/>
			<DOR A="10"/>
			<DOR A="18"/>
			<DOR A="167"/>
			<DOR A="169"/>
			<DOR A="170"/>
			<DOR A="171"/>
			<DOR A="173"/>
			<DOR A="174"/>
			<DOR A="175"/>
			<DOR A="176"/>
			<DOR A="177"/>
		</DET>
		<DET A="DET-59" B="200" C="5" D="Seed Unit/Row 24" E="118" F="153">
			<DOR A="14"/>
			<DOR A="10"/>
			<DOR A="18"/>
			<DOR A="167"/>
			<DOR A="169"/>
			<DOR A="170"/>
			<DOR A="171"/>
			<DOR A="173"/>
			<DOR A="174"/>
			<DOR A="175"/>
			<DOR A="176"/>
			<DOR A="177"/>
		</DET>
		<DET A="DET-60" B="213" C="5" D="Liquid Unit/Row 1" E="577" F="93">
			<DOR A="14"/>
			<DOR A="10"/>
			<DOR A="49"/>
		</DET>
		<DET A="DET-61" B="214" C="5" D="Liquid Unit/Row 2" E="578" F="93">
			<DOR A="14"/>
			<DOR A="10"/>
			<DOR A="49"/>
		</DET>
		<DET A="DET-62" B="215" C="5" D="Liquid Unit/Row 3" E="579" F="93">
			<DOR A="14"/>
			<DOR A="10"/>
			<DOR A="49"/>
		</DET>
		<DET A="DET-63" B="216" C="5" D="Liquid Unit/Row 4" E="580" F="93">
			<DOR A="14"/>
			<DOR A="10"/>
			<DOR A="49"/>
		</DET>
		<DET A="DET-64" B="217" C="5" D="Liquid Unit/Row 5" E="581" F="93">
			<DOR A="14"/>
			<DOR A="10"/>
			<DOR A="49"/>
		</DET>
		<DET A="DET-65" B="218" C="5" D="Liquid Unit/Row 6" E="582" F="93">
			<DOR A="14"/>
			<DOR A="10"/>
			<DOR A="49"/>
		</DET>
		<DET A="DET-66" B="219" C="5" D="Liquid Unit/Row 7" E="583" F="93">
			<DOR A="14"/>
			<DOR A="10"/>
			<DOR A="49"/>
		</DET>
		<DET A="DET-67" B="220" C="5" D="Liquid Unit/Row 8" E="584" F="93">
			<DOR A="14"/>
			<DOR A="10"/>
			<DOR A="49"/>
		</DET>
		<DET A="DET-68" B="221" C="5" D="Liquid Unit/Row 9" E="585" F="93">
			<DOR A="14"/>
			<DOR A="10"/>
			<DOR A="49"/>
		</DET>
		<DET A="DET-69" B="222" C="5" D="Liquid Unit/Row 10" E="586" F="93">
			<DOR A="14"/>
			<DOR A="10"/>
			<DOR A="49"/>
		</DET>
		<DET A="DET-70" B="223" C="5" D="Liquid Unit/Row 11" E="587" F="95">
			<DOR A="14"/>
			<DOR A="10"/>
			<DOR A="49"/>
		</DET>
		<DET A="DET-71" B="224" C="5" D="Liquid Unit/Row 12" E="588" F="95">
			<DOR A="14"/>
			<DOR A="10"/>
			<DOR A="49"/>
		</DET>
		<DET A="DET-72" B="225" C="5" D="Liquid Unit/Row 13" E="589" F="95">
			<DOR A="14"/>
			<DOR A="10"/>
			<DOR A="49"/>
		</DET>
		<DET A="DET-73" B="226" C="5" D="Liquid Unit/Row 14" E="590" F="95">
			<DOR A="14"/>
			<DOR A="10"/>
			<DOR A="49"/>
		</DET>
		<DET A="DET-74" B="227" C="5" D="Liquid Unit/Row 15" E="591" F="96">
			<DOR A="14"/>
			<DOR A="10"/>
			<DOR A="49"/>
		</DET>
		<DET A="DET-75" B="228" C="5" D="Liquid Unit/Row 16" E="592" F="96">
			<DOR A="14"/>
			<DOR A="10"/>
			<DOR A="49"/>
		</DET>
		<DET A="DET-76" B="229" C="5" D="Liquid Unit/Row 17" E="593" F="96">
			<DOR A="14"/>
			<DOR A="10"/>
			<DOR A="49"/>
		</DET>
		<DET A="DET-77" B="230" C="5" D="Liquid Unit/Row 18" E="594" F="96">
			<DOR A="14"/>
			<DOR A="10"/>
			<DOR A="49"/>
		</DET>
		<DET A="DET-78" B="231" C="5" D="Liquid Unit/Row 19" E="595" F="96">
			<DOR A="14"/>
			<DOR A="10"/>
			<DOR A="49"/>
		</DET>
		<DET A="DET-79" B="232" C="5" D="Liquid Unit/Row 20" E="596" F="96">
			<DOR A="14"/>
			<DOR A="10"/>
			<DOR A="49"/>
		</DET>
		<DET A="DET-80" B="233" C="5" D="Liquid Unit/Row 21" E="597" F="96">
			<DOR A="14"/>
			<DOR A="10"/>
			<DOR A="49"/>
		</DET>
		<DET A="DET-81" B="234" C="5" D="Liquid Unit/Row 22" E="598" F="96">
			<DOR A="14"/>
			<DOR A="10"/>
			<DOR A="49"/>
		</DET>
		<DET A="DET-82" B="235" C="5" D="Liquid Unit/Row 23" E="599" F="96">
			<DOR A="14"/>
			<DOR A="10"/>
			<DOR A="49"/>
		</DET>
		<DET A="DET-83" B="236" C="5" D="Liquid Unit/Row 24" E="600" F="96">
			<DOR A="14"/>
			<DOR A="10"/>
			<DOR A="49"/>
		</DET>
		<DPD A="2" B="DFFF" C="0" D="31" E="Request Default Process Data"/>
		<DPD A="3" B="008D" C="1" D="9" E="Actual Work State"/>
		<DPD A="4" B="0046" C="0" D="8" E="Maximum Working Width" F="5"/>
		<DPD A="7" B="0086" C="0" D="8" E="Connector X-Offset" F="8"/>
		<DPD A="9" B="0108" C="0" D="8" E="Connector Pivot X-Offset" F="8"/>
		<DPD A="10" B="0087" C="0" D="8" E="Device Element Offset Y" F="8"/>
		<DPD A="11" B="009D" C="0" D="8" E="Connector Type"/>
		<DPD A="13" B="00B3" C="0" D="8" E="Actual Cultural Practice"/>
		<DPD A="14" B="0043" C="1" D="8" E="Actual Working Width" F="5"/>
		<DPD A="15" B="0086" C="0" D="8" E="Device Element Offset X" F="8"/>
		<DPD A="16" B="000B" C="2" D="9" E="Setpt Cnt/Area App Rate" F="17"/>
		<DPD A="18" B="000C" C="1" D="9" E="Actual Cnt/Area App Rate" F="17"/>
		<DPD A="19" B="000D" C="1" D="8" E="Default Cnt/Area App Rate" F="17"/>
		<DPD A="20" B="000E" C="1" D="8" E="Min Count/Area App Rate" F="17"/>
		<DPD A="21" B="000F" C="1" D="8" E="Max Count/Area App Rate" F="17"/>
		<DPD A="22" B="01AA" C="1" D="9" E="Target Gauge Wheel Force" F="23"/>
		<DPD A="24" B="00A0" C="2" D="8" E="Section Control State"/>
		<DPD A="25" B="0077" C="2" D="17" E="Effective Time" F="26"/>
		<DPD A="27" B="009E" C="2" D="8" E="Prescription Control State"/>
		<DPD A="28" B="00CD" C="2" D="8" E="SC Turn On Time" F="29"/>
		<DPD A="30" B="00CE" C="2" D="8" E="SC Turn Off Time" F="29"/>
		<DPD A="31" B="008E" C="0" D="9" E="Physical Setpoint Time Latency" F="29"/>
		<DPD A="32" B="008F" C="0" D="9" E="Time latency actual" F="29"/>
		<DPD A="33" B="00A1" C="1" D="9" E="Actual Condensed State (1-16)"/>
		<DPD A="34" B="0122" C="2" D="0" E="Setpt Condensed State (1-16)"/>
		<DPD A="35" B="016F" C="1" D="9" E="Override Section State (1-16)"/>
		<DPD A="36" B="00A2" C="1" D="9" E="Actual Condensed State (17-32)"/>
		<DPD A="37" B="0123" C="2" D="0" E="Setpt Condensed State (17-32)"/>
		<DPD A="38" B="0170" C="1" D="9" E="Override Section State (17-32)"/>
		<DPD A="47" B="0001" C="2" D="9" E="Setpt Vol/Area App Rate" F="48"/>
		<DPD A="49" B="0002" C="1" D="9" E="Actual Vol/Area App Rate" F="48"/>
		<DPD A="50" B="0003" C="1" D="8" E="Default Vol/Area App Rate" F="48"/>
		<DPD A="51" B="0004" C="1" D="8" E="Min Vol Per Area App Rate" F="48"/>
		<DPD A="52" B="0005" C="1" D="8" E="Max Vol Per Area App Rate" F="48"/>
		<DPD A="94" B="009F" C="0" D="8" E="Number of Sub-Units per Section"/>
		<DPD A="167" B="019F" C="1" D="9" E="Actual Seed Singulation %" F="168"/>
		<DPD A="169" B="01A1" C="1" D="9" E="Actual Seed Skip Percentage" F="168"/>
		<DPD A="170" B="01A3" C="1" D="9" E="Actual Seed Multi Percentage" F="168"/>
		<DPD A="171" B="EA60" C="1" D="9" E="Actual Seed Release Index(SRI)" F="172"/>
		<DPD A="173" B="EA6F" C="1" D="9" E="Net Applied Force" F="23"/>
		<DPD A="174" B="01AB" C="1" D="9" E="Gauge Wheel Force" F="23"/>
		<DPD A="175" B="EA62" C="1" D="9" E="Actual Grnd Contact Percentage" F="168"/>
		<DPD A="176" B="EA63" C="1" D="9" E="Actual Good Ride Percentage" F="168"/>
		<DPD A="177" B="EA64" C="1" D="9" E="Act Good Spacing Percentage" F="168"/>
		<DVP A="5" B="0" C="0.0032808001" D="1" E="feet"/>
		<DVP A="8" B="0" C="0.0393701009" D="1" E="inches"/>
		<DVP A="17" B="0" C="0.0040468564" D="1" E="ksds/ac"/>
		<DVP A="23" B="0" C="0.2248090059" D="1" E="lbs"/>
		<DVP A="26" B="0" C="0.0166666992" D="1" E="minutes"/>
		<DVP A="29" B="0" C="0.0010000000" D="1" E="seconds"/>
		<DVP A="48" B="0" C="0.0010690661" D="1" E="ga/ac"/>
		<DVP A="168" B="0" C="0.0001000000" D="1" E="%"/>
		<DVP A="172" B="0" C="0.0001000000" D="2"/>
	</DVC>
	<DVC A="DVC-2000001" B="Trip Computer Data" C="03.05.12.13515" D="A000FF000BCCA4E5" E="594322661" F="660100C5000202" G="FF000000006E65">
		<DET A="DET-2000003" B="1" C="1" D="Trip Computer Lifetime Totals" E="0" F="0">
			<DOR A="1000"/>
			<DOR A="1001"/>
			<DOR A="1002"/>
			<DOR A="1003"/>
		</DET>
		<DET A="DET-2000004" B="2" C="6" D="Trip Computer Connector Geometry" E="1" F="1">
			<DOR A="1001"/>
			<DOR A="1002"/>
			<DOR A="1004"/>
		</DET>
		<DET A="DET-2000005" B="3" C="2" D="Trip Computer Task Totals" E="2" F="1">
			<DOR A="1000"/>
			<DOR A="1001"/>
			<DOR A="1002"/>
			<DOR A="1003"/>
			<DOR A="1005"/>
			<DOR A="1006"/>
			<DOR A="1007"/>
			<DOR A="1008"/>
			<DOR A="1009"/>
			<DOR A="1010"/>
			<DOR A="1011"/>
			<DOR A="1012"/>
			<DOR A="1013"/>
			<DOR A="1014"/>
			<DOR A="1015"/>
			<DOR A="1016"/>
			<DOR A="1017"/>
			<DOR A="1018"/>
			<DOR A="1019"/>
			<DOR A="1020"/>
			<DOR A="1021"/>
			<DOR A="1022"/>
			<DOR A="1023"/>
			<DOR A="1024"/>
		</DET>
		<DPD A="1000" B="008D" C="1" D="8" E="Actual Work State"/>
		<DPD A="1001" B="0086" C="1" D="8" E="X-Offset" F="2005"/>
		<DPD A="1002" B="0087" C="1" D="8" E="Y-Offset" F="2005"/>
		<DPD A="1003" B="0046" C="1" D="8" E="Maximum Working Width" F="2005"/>
		<DPD A="1004" B="009D" C="1" D="8" E="Connector Type"/>
		<DPD A="1005" B="F231" C="1" D="9" E="FE - Distance" F="2001"/>
		<DPD A="1006" B="0095" C="1" D="9" E="FE - Time" F="2002"/>
		<DPD A="1007" B="0096" C="1" D="9" E="FE - Area" F="2003"/>
		<DPD A="1008" B="F23E" C="1" D="9" E="Engine Power" F="2006"/>
		<DPD A="1009" B="F243" C="1" D="9" E="Wheel Slip" F="2006"/>
		<DPD A="1010" B="F233" C="1" D="9" E="AFE - Distance" F="2001"/>
		<DPD A="1011" B="F234" C="1" D="9" E="AFE - Time" F="2002"/>
		<DPD A="1012" B="F236" C="1" D="9" E="AFE in Work - Distance" F="2001"/>
		<DPD A="1013" B="F237" C="1" D="9" E="AFE in Work - Time" F="2002"/>
		<DPD A="1014" B="F238" C="1" D="9" E="AFE in Work - Area" F="2003"/>
		<DPD A="1015" B="F23A" C="1" D="9" E="Trip AFE - Distance" F="2001"/>
		<DPD A="1016" B="F23B" C="1" D="9" E="Trip AFE - Time" F="2002"/>
		<DPD A="1017" B="F23C" C="1" D="9" E="Average Fuel Economy on Road" F="2001"/>
		<DPD A="1018" B="F23F" C="1" D="9" E="Average Engine Power in Work" F="2006"/>
		<DPD A="1019" B="F242" C="1" D="9" E="Average Wheel Slip in Work" F="2006"/>
		<DPD A="1020" B="013C" C="1" D="25" E="Fuel Used in Work" F="2004"/>
		<DPD A="1021" B="013D" C="1" D="25" E="Fuel Used on Road" F="2004"/>
		<DPD A="1022" B="0094" C="1" D="25" E="Total Fuel Used" F="2004"/>
		<DPD A="1023" B="F23D" C="1" D="25" E="Trip Fuel Used" F="2004"/>
		<DPD A="1024" B="F244" C="1" D="25" E="Idle Time" F="2007"/>
		<DVP A="2000" B="0" C="0.0010000000" D="1" E="L/kWh"/>
		<DVP A="2001" B="0" C="1000.0000000000" D="1" E="km/L"/>
		<DVP A="2002" B="0" C="0.0036000000" D="1" E="L/h"/>
		<DVP A="2003" B="0" C="0.0100000000" D="1" E="L/ha"/>
		<DVP A="2004" B="0" C="0.0010000000" D="1" E="L"/>
		<DVP A="2005" B="0" C="0.1000000000" D="2" E="cm"/>
		<DVP A="2006" B="0" C="1.0000000000" D="1" E="%"/>
		<DVP A="2007" B="0" C="1.0000000000" D="1" E="s"/>
	</DVC>
	<DVC A="DVC-5000000" B="Vehicle Geometry" C="03.05.12.13515" D="A002F0000BCCA4E5" E="594322661" F="4A45454D30353430554A46333030303037FFFFFFFFFFFFFFFFFFFFFFFFFF00C50203FE03000204" G="FF000000006E65">
		<DET A="DET-5000000" B="1" C="1" D="Vehicle Device Element" E="0" F="0">
			<DOR A="1000"/>
			<DOR A="1001"/>
			<DOR A="1003"/>
			<DOR A="1004"/>
			<DOR A="1006"/>
			<DOR A="1007"/>
			<DOR A="1008"/>
			<DOR A="1009"/>
		</DET>
		<DET A="DET-5000001" B="2" C="7" D="Vehicle Nav Element" E="1" F="1">
			<DOR A="1000"/>
			<DOR A="1001"/>
			<DOR A="1002"/>
		</DET>
		<DET A="DET-5000002" B="3" C="6" D="Vehicle Front 3pt Connector" E="2" F="1">
			<DOR A="1000"/>
			<DOR A="1001"/>
			<DOR A="1005"/>
		</DET>
		<DET A="DET-5000003" B="4" C="6" D="Vehicle Rear 3pt Connector" E="3" F="1">
			<DOR A="1000"/>
			<DOR A="1001"/>
			<DOR A="1005"/>
		</DET>
		<DET A="DET-5000004" B="5" C="6" D="Vehicle Drawbar Connector" E="4" F="1">
			<DOR A="1000"/>
			<DOR A="1001"/>
			<DOR A="1005"/>
		</DET>
		<DPD A="1000" B="0086" C="1" D="8" E="X-Offset" F="2000"/>
		<DPD A="1001" B="0087" C="1" D="8" E="Y-Offset" F="2000"/>
		<DPD A="1002" B="0088" C="1" D="8" E="Z-Offset" F="2000"/>
		<DPD A="1003" B="F426" C="1" D="8" E="Articulation Point X-Offset" F="2000"/>
		<DPD A="1004" B="F427" C="1" D="8" E="Articulation Point Y-Offset" F="2000"/>
		<DPD A="1005" B="009D" C="1" D="8" E="Connector Type"/>
		<DPD A="1006" B="F424" C="1" D="8" E="Wheelbase" F="2000"/>
		<DPD A="1007" B="F425" C="1" D="8" E="Track Spacing" F="2000"/>
		<DPD A="1008" B="0252" C="1" D="8" E="Steering Type"/>
		<DPD A="1009" B="0251" C="1" D="8" E="Traction Type"/>
		<DVP A="2000" B="0" C="0.1000000000" D="1" E="cm"/>
	</DVC>
	<FRM A="FRM-1" B="United States" I="CTR-1"/>
	<PDT A="PDT-1" B="VarDrive1" F="1" P094_Product_Form="4" P094_Crop_Type="1" P094_Product_Rate1Value="7.907372210" P094_Product_Rate2Value="0.000000000000" P094_Product_MinRateValue="0.000000000000" P094_Product_MaxRateValue="12.355269080" P094_Product_DeltaRateValue="0.000000000000" P094_ProductUnits="32" P094_Product_PackageUnits="16" P094_Product_Density_Units="0" P094_Product_UnitDensityUnits="0" P094_ProductColor="2:24FE23" P094_FormLock="1" P094_CropTypeLock="1"/>
	<PDT A="PDT-2" B="VarDrive4" F="1" P094_Product_Form="4" P094_Crop_Type="1" P094_Product_Rate1Value="7.907372210" P094_Product_Rate2Value="0.000000000000" P094_Product_MinRateValue="0.000000000000" P094_Product_MaxRateValue="12.355269080" P094_Product_DeltaRateValue="0.000000000000" P094_ProductUnits="32" P094_Product_PackageUnits="16" P094_Product_Density_Units="0" P094_Product_UnitDensityUnits="0" P094_ProductColor="5:004949" P094_FormLock="1" P094_CropTypeLock="1"/>
	<PDT A="PDT-3" B="Starter_PF" F="1" P094_Product_Form="2" P094_Product_Usage="2" P094_Product_Rate1Value="0.007483165019" P094_Product_Rate2Value="0.000000000000" P094_Product_MinRateValue="0.000000000000" P094_Product_MaxRateValue="0.011224747529" P094_Product_DeltaRateValue="0.000000000000" P094_ProductUnits="0" P094_Product_PackageUnits="0" P094_Product_Density_Units="0" P094_FormLock="1" P094_UsageLock="1"/>
	<PDT A="PDT-4" B="VarDrive2" F="1" P094_Product_Form="4" P094_Crop_Type="1" P094_Product_Rate1Value="7.907372210" P094_Product_Rate2Value="0.000000000000" P094_Product_MinRateValue="0.000000000000" P094_Product_MaxRateValue="12.355269080" P094_Product_DeltaRateValue="0.000000000000" P094_ProductUnits="32" P094_Product_PackageUnits="16" P094_Product_Density_Units="0" P094_Product_UnitDensityUnits="0" P094_ProductColor="3:F76D00" P094_FormLock="1" P094_CropTypeLock="1"/>
	<PDT A="PDT-5" B="VarDrive3" F="1" P094_Product_Form="4" P094_Crop_Type="1" P094_Product_Rate1Value="7.907372210" P094_Product_Rate2Value="0.000000000000" P094_Product_MinRateValue="0.000000000000" P094_Product_MaxRateValue="12.355269080" P094_Product_DeltaRateValue="0.000000000000" P094_ProductUnits="32" P094_Product_PackageUnits="16" P094_Product_Density_Units="0" P094_Product_UnitDensityUnits="0" P094_ProductColor="4:B66DFF" P094_FormLock="1" P094_CropTypeLock="1"/>
	<PFD A="PFD-1" C="NAFTA_Field" D="226403" E="CTR-1" F="FRM-1">
		<PLN A="2" E="PLN-1">
			<LSG A="2" B="Inner_100522_1" P094_Impassable="0" P094_Subtype="0">
				<PNT A="2" C="41.8499805939" D="-93.8239474357"/>
				<PNT A="2" C="41.8499914463" D="-93.8237825000"/>
				<PNT A="2" C="41.8500233335" D="-93.8236224207"/>
				<PNT A="2" C="41.8500754516" D="-93.8234722339"/>
				<PNT A="2" C="41.8501463269" D="-93.8233366161"/>
				<PNT A="2" C="41.8502335476" D="-93.8232195244"/>
				<PNT A="2" C="41.8503345680" D="-93.8231243761"/>
				<PNT A="2" C="41.8504464405" D="-93.8230544089"/>
				<PNT A="2" C="41.8505656817" D="-93.8230116011"/>
				<PNT A="2" C="41.8506885401" D="-93.8229970321"/>
				<PNT A="2" C="41.8508115323" D="-93.8230116011"/>
				<PNT A="2" C="41.8509307728" D="-93.8230544089"/>
				<PNT A="2" C="41.8510426443" D="-93.8231243761"/>
				<PNT A="2" C="41.8511436634" D="-93.8232195244"/>
				<PNT A="2" C="41.8512308827" D="-93.8233366161"/>
				<PNT A="2" C="41.8513017567" D="-93.8234722339"/>
				<PNT A="2" C="41.8513538738" D="-93.8236224207"/>
				<PNT A="2" C="41.8513857604" D="-93.8237825000"/>
				<PNT A="2" C="41.8513966125" D="-93.8239474357"/>
				<PNT A="2" C="41.8513857604" D="-93.8241125512"/>
				<PNT A="2" C="41.8513538738" D="-93.8242726305"/>
				<PNT A="2" C="41.8513017567" D="-93.8244228173"/>
				<PNT A="2" C="41.8512308827" D="-93.8245584350"/>
				<PNT A="2" C="41.8511436634" D="-93.8246755268"/>
				<PNT A="2" C="41.8510426443" D="-93.8247706750"/>
				<PNT A="2" C="41.8509307728" D="-93.8248406423"/>
				<PNT A="2" C="41.8508115323" D="-93.8248834500"/>
				<PNT A="2" C="41.8506885401" D="-93.8248980190"/>
				<PNT A="2" C="41.8505656817" D="-93.8248834500"/>
				<PNT A="2" C="41.8504464405" D="-93.8248406423"/>
				<PNT A="2" C="41.8503345680" D="-93.8247706750"/>
				<PNT A="2" C="41.8502335476" D="-93.8246755268"/>
				<PNT A="2" C="41.8501463269" D="-93.8245584350"/>
				<PNT A="2" C="41.8500754516" D="-93.8244228173"/>
				<PNT A="2" C="41.8500233335" D="-93.8242726305"/>
				<PNT A="2" C="41.8499914463" D="-93.8241125512"/>
				<PNT A="2" C="41.8499805939" D="-93.8239474357"/>
			</LSG>
		</PLN>
		<PLN A="1" E="PLN-2">
			<LSG A="1" B="Outer_100522_1" P094_Impassable="0" P094_Subtype="0">
				<PNT A="2" C="41.8494449397" D="-93.8209420813"/>
				<PNT A="2" C="41.8494350251" D="-93.8211719480"/>
				<PNT A="2" C="41.8494449397" D="-93.8217120808"/>
				<PNT A="2" C="41.8494650369" D="-93.8220520245"/>
				<PNT A="2" C="41.8494549883" D="-93.8225619401"/>
				<PNT A="2" C="41.8494749515" D="-93.8238720725"/>
				<PNT A="2" C="41.8494850001" D="-93.8241420489"/>
				<PNT A="2" C="41.8494850001" D="-93.8244120254"/>
				<PNT A="2" C="41.8494950486" D="-93.8245420674"/>
				<PNT A="2" C="41.8495150118" D="-93.8250919129"/>
				<PNT A="2" C="41.8495649867" D="-93.8252019899"/>
				<PNT A="2" C="41.8498149944" D="-93.8252820295"/>
				<PNT A="2" C="41.8499650522" D="-93.8253019945"/>
				<PNT A="2" C="41.8500650012" D="-93.8252919221"/>
				<PNT A="2" C="41.8505549634" D="-93.8253120669"/>
				<PNT A="2" C="41.8508849523" D="-93.8253019945"/>
				<PNT A="2" C="41.8519949510" D="-93.8253019945"/>
				<PNT A="2" C="41.8520849826" D="-93.8252919221"/>
				<PNT A="2" C="41.8522050246" D="-93.8252919221"/>
				<PNT A="2" C="41.8530750544" D="-93.8253219594"/>
				<PNT A="2" C="41.8539449383" D="-93.8253320318"/>
				<PNT A="2" C="41.8542649958" D="-93.8253219594"/>
				<PNT A="2" C="41.8547049550" D="-93.8253320318"/>
				<PNT A="2" C="41.8550050473" D="-93.8253120669"/>
				<PNT A="2" C="41.8553350132" D="-93.8253019945"/>
				<PNT A="2" C="41.8555350282" D="-93.8253120669"/>
				<PNT A="2" C="41.8561749917" D="-93.8253120669"/>
				<PNT A="2" C="41.8562750650" D="-93.8252820295"/>
				<PNT A="2" C="41.8564449346" D="-93.8252120623"/>
				<PNT A="2" C="41.8565949769" D="-93.8252419198"/>
				<PNT A="2" C="41.8566850020" D="-93.8251820249"/>
				<PNT A="2" C="41.8566950495" D="-93.8250120531"/>
				<PNT A="2" C="41.8566950495" D="-93.8248820111"/>
				<PNT A="2" C="41.8567049630" D="-93.8247519691"/>
				<PNT A="2" C="41.8567049630" D="-93.8245519599"/>
				<PNT A="2" C="41.8566950495" D="-93.8242719110"/>
				<PNT A="2" C="41.8566749546" D="-93.8241319765"/>
				<PNT A="2" C="41.8566449462" D="-93.8240019346"/>
				<PNT A="2" C="41.8565949769" D="-93.8238819650"/>
				<PNT A="2" C="41.8565450075" D="-93.8237019207"/>
				<PNT A="2" C="41.8565949769" D="-93.8235619862"/>
				<PNT A="2" C="41.8566449462" D="-93.8234420167"/>
				<PNT A="2" C="41.8566749546" D="-93.8233020822"/>
				<PNT A="2" C="41.8566950495" D="-93.8230319258"/>
				<PNT A="2" C="41.8567150104" D="-93.8224820803"/>
				<PNT A="2" C="41.8567349713" D="-93.8222219964"/>
				<PNT A="2" C="41.8567550662" D="-93.8212320227"/>
				<PNT A="2" C="41.8567349713" D="-93.8211019808"/>
				<PNT A="2" C="41.8567150104" D="-93.8209219365"/>
				<PNT A="2" C="41.8565550550" D="-93.8208320043"/>
				<PNT A="2" C="41.8560049874" D="-93.8208519692"/>
				<PNT A="2" C="41.8558649914" D="-93.8208519692"/>
				<PNT A="2" C="41.8550850270" D="-93.8208420767"/>
				<PNT A="2" C="41.8549249335" D="-93.8208320043"/>
				<PNT A="2" C="41.8542049768" D="-93.8208320043"/>
				<PNT A="2" C="41.8537049946" D="-93.8208219319"/>
				<PNT A="2" C="41.8535649935" D="-93.8208320043"/>
				<PNT A="2" C="41.8534749640" D="-93.8208219319"/>
				<PNT A="2" C="41.8517449518" D="-93.8208019669"/>
				<PNT A="2" C="41.8513349830" D="-93.8207920744"/>
				<PNT A="2" C="41.8511850625" D="-93.8208120393"/>
				<PNT A="2" C="41.8508849523" D="-93.8207920744"/>
				<PNT A="2" C="41.8504250039" D="-93.8207719296"/>
				<PNT A="2" C="41.8502849957" D="-93.8207820020"/>
				<PNT A="2" C="41.8500849642" D="-93.8207719296"/>
				<PNT A="2" C="41.8496850334" D="-93.8207820020"/>
				<PNT A="2" C="41.8495949984" D="-93.8208019669"/>
				<PNT A="2" C="41.8495150118" D="-93.8208620416"/>
				<PNT A="2" C="41.8494449397" D="-93.8209420813"/>
			</LSG>
		</PLN>
		<PLN A="2" E="PLN-3">
			<LSG A="2" B="Inner_100522_2" P094_Impassable="0" P094_Subtype="0">
				<PNT A="2" C="41.8524932049" D="-93.8231299519"/>
				<PNT A="2" C="41.8525110235" D="-93.8228567379"/>
				<PNT A="2" C="41.8525639435" D="-93.8225917976"/>
				<PNT A="2" C="41.8526502230" D="-93.8223432250"/>
				<PNT A="2" C="41.8527674505" D="-93.8221185744"/>
				<PNT A="2" C="41.8529120084" D="-93.8219245007"/>
				<PNT A="2" C="41.8530793415" D="-93.8217671193"/>
				<PNT A="2" C="41.8532644926" D="-93.8216512866"/>
				<PNT A="2" C="41.8534618346" D="-93.8215802402"/>
				<PNT A="2" C="41.8536653388" D="-93.8215563182"/>
				<PNT A="2" C="41.8538689763" D="-93.8215802402"/>
				<PNT A="2" C="41.8540663165" D="-93.8216512866"/>
				<PNT A="2" C="41.8542514647" D="-93.8217671193"/>
				<PNT A="2" C="41.8544187943" D="-93.8219245007"/>
				<PNT A="2" C="41.8545633485" D="-93.8221185744"/>
				<PNT A="2" C="41.8546805725" D="-93.8223432250"/>
				<PNT A="2" C="41.8547668492" D="-93.8225917976"/>
				<PNT A="2" C="41.8548197673" D="-93.8228567379"/>
				<PNT A="2" C="41.8548375853" D="-93.8231299519"/>
				<PNT A="2" C="41.8548197673" D="-93.8234033458"/>
				<PNT A="2" C="41.8547668492" D="-93.8236682861"/>
				<PNT A="2" C="41.8546805725" D="-93.8239168587"/>
				<PNT A="2" C="41.8545633485" D="-93.8241415093"/>
				<PNT A="2" C="41.8544187943" D="-93.8243355830"/>
				<PNT A="2" C="41.8542514647" D="-93.8244929644"/>
				<PNT A="2" C="41.8540663165" D="-93.8246087971"/>
				<PNT A="2" C="41.8538689763" D="-93.8246798435"/>
				<PNT A="2" C="41.8536653388" D="-93.8247037655"/>
				<PNT A="2" C="41.8534618346" D="-93.8246798435"/>
				<PNT A="2" C="41.8532644926" D="-93.8246087971"/>
				<PNT A="2" C="41.8530793415" D="-93.8244929644"/>
				<PNT A="2" C="41.8529120084" D="-93.8243355830"/>
				<PNT A="2" C="41.8527674505" D="-93.8241415093"/>
				<PNT A="2" C="41.8526502230" D="-93.8239168587"/>
				<PNT A="2" C="41.8525639435" D="-93.8236682861"/>
				<PNT A="2" C="41.8525110235" D="-93.8234033458"/>
				<PNT A="2" C="41.8524932049" D="-93.8231299519"/>
			</LSG>
		</PLN>
	</PFD>
	<TSK A="TSK-1" B="Unlinked drives" C="CTR-1" D="FRM-1" E="PFD-1" G="2" P094_Crop_Type="1" P094_Coverage_File="COV-1.BIN" P094_Variety_File="VAR-1.BIN">
		<CNN A="DVC-5000000" B="DET-5000003" C="DVC-1" D="DET-2"/>
		<DAN A="A00884000BC8AA52" B="FFFFFFFFFFFFFFFF" C="DVC-1">
			<ASP A="2022-05-11T16:03:43-05:00" D="4">
				<PTN A="41.8491980478" B="-93.8251546900" D="1"/>
			</ASP>
		</DAN>
		<OTP A="CPC-1"/>
		<PAN A="PDT-3" E="DET-4">
			<ASP A="2022-05-11T16:09:25.309-05:00" D="4">
				<PTN A="41.8495022523" B="-93.8251546900" D="1"/>
			</ASP>
		</PAN>
		<PAN A="PDT-1" E="DET-5">
			<ASP A="2022-05-11T16:09:25.309-05:00" D="4">
				<PTN A="41.8495049378" B="-93.8251546900" D="1"/>
			</ASP>
		</PAN>
		<PAN A="PDT-4" E="DET-6">
			<ASP A="2022-05-11T16:09:25.309-05:00" D="4">
				<PTN A="41.8495076232" B="-93.8251546900" D="1"/>
			</ASP>
		</PAN>
		<PAN A="PDT-5" E="DET-7">
			<ASP A="2022-05-11T16:09:25.309-05:00" D="4">
				<PTN A="41.8495103087" B="-93.8251546900" D="1"/>
			</ASP>
		</PAN>
		<PAN A="PDT-2" E="DET-8">
			<ASP A="2022-05-11T16:09:25.309-05:00" D="4">
				<PTN A="41.8495103087" B="-93.8251546900" D="1"/>
			</ASP>
		</PAN>
		<TIM A="2022-05-11T16:03:39.571-05:00" D="4">
			<DLV A="0077" B="88" C="DET-3"/>
			<DLV A="0077" B="79" C="DET-4"/>
			<DLV A="F242" B="1" C="DET-2000005"/>
			<DLV A="F23F" B="2" C="DET-2000005"/>
			<DLV A="F244" B="358" C="DET-2000005"/>
			<DLV A="F234" B="30" C="DET-2000005"/>
			<DLV A="013C" B="1" C="DET-2000005"/>
			<DLV A="F233" B="98" C="DET-2000005"/>
			<DLV A="F23C" B="0" C="DET-2000005"/>
			<DLV A="013D" B="0" C="DET-2000005"/>
			<DLV A="0094" B="4" C="DET-2000005"/>
			<DLV A="F23A" B="98" C="DET-2000005"/>
			<DLV A="F23B" B="30" C="DET-2000005"/>
			<DLV A="F23D" B="201" C="DET-2000005"/>
			<DLV A="F236" B="359" C="DET-2000005"/>
			<DLV A="F237" B="29" C="DET-2000005"/>
			<DLV A="F238" B="0" C="DET-2000005"/>
		</TIM>
		<TLG A="TLG00000" C="1"/>
		<TLG A="TLG00001" C="1"/>
		<TLG A="TLG00002" C="1"/>
	</TSK>
</ISO11783_TaskData>
