<?xml version="1.0" encoding="UTF-8"?>
<TIM A="" D="4">
    <PTN A="" B="" C="" D="1" E="" F="" G="" H="" I=""/>
    <DLV A="0087" B="" C="DET-42"/>
    <DLV A="0087" B="" C="DET-43"/>
    <DLV A="0087" B="" C="DET-44"/>
    <DLV A="0087" B="" C="DET-45"/>
    <DLV A="0087" B="" C="DET-46"/>
    <DLV A="0087" B="" C="DET-47"/>
    <DLV A="0087" B="" C="DET-60"/>
    <DLV A="0087" B="" C="DET-61"/>
    <DLV A="0087" B="" C="DET-62"/>
    <DLV A="0087" B="" C="DET-63"/>
    <DLV A="0087" B="" C="DET-64"/>
    <DLV A="0087" B="" C="DET-65"/>
    <DLV A="0087" B="" C="DET-66"/>
    <DLV A="0087" B="" C="DET-67"/>
    <DLV A="0087" B="" C="DET-68"/>
    <DLV A="0087" B="" C="DET-69"/>
    <DLV A="0087" B="" C="DET-70"/>
    <DLV A="0087" B="" C="DET-71"/>
    <DLV A="008D" B="" C="DET-1"/>
    <DLV A="008D" B="" C="DET-3"/>
    <DLV A="008D" B="" C="DET-4"/>
    <DLV A="008E" B="" C="DET-3"/>
    <DLV A="00B3" B="" C="DET-3"/>
    <DLV A="00B3" B="" C="DET-4"/>
    <DLV A="00CD" B="" C="DET-3"/>
    <DLV A="00CD" B="" C="DET-4"/>
    <DLV A="00CE" B="" C="DET-3"/>
    <DLV A="00CE" B="" C="DET-4"/>
    <DLV A="0108" B="" C="DET-2"/>
    <DLV A="0001" B="" C="DET-4"/>
    <DLV A="000B" B="" C="DET-3"/>
    <DLV A="00A1" B="" C="DET-3"/>
    <DLV A="008F" B="" C="DET-3"/>
    <DLV A="00A2" B="" C="DET-3"/>
    <DLV A="009D" B="" C="DET-2"/>
    <DLV A="0170" B="" C="DET-3"/>
    <DLV A="016F" B="" C="DET-4"/>
    <DLV A="0077" B="" C="DET-3"/>
    <DLV A="0077" B="" C="DET-4"/>
    <DLV A="F231" B="" C="DET-2000005"/>
    <DLV A="0096" B="" C="DET-2000005"/>
    <DLV A="F243" B="" C="DET-2000005"/>
</TIM>
