<?xml version="1.0" encoding="UTF-8"?>
<TIM A="" D="4">
    <PTN A="" B="" C="" D="1" E="" F="" G="" H="" I=""/>
    <DLV A="01A1" B="" C="DET-44"/>
    <DLV A="01A3" B="" C="DET-44"/>
    <DLV A="EA60" B="" C="DET-44"/>
    <DLV A="EA6F" B="" C="DET-44"/>
    <DLV A="01AB" B="" C="DET-44"/>
    <DLV A="EA62" B="" C="DET-44"/>
    <DLV A="EA63" B="" C="DET-44"/>
    <DLV A="EA64" B="" C="DET-44"/>
    <DLV A="0043" B="" C="DET-45"/>
    <DLV A="000C" B="" C="DET-45"/>
    <DLV A="019F" B="" C="DET-45"/>
    <DLV A="01A1" B="" C="DET-45"/>
    <DLV A="01A3" B="" C="DET-45"/>
    <DLV A="EA60" B="" C="DET-45"/>
    <DLV A="EA6F" B="" C="DET-45"/>
    <DLV A="01AB" B="" C="DET-45"/>
    <DLV A="EA62" B="" C="DET-45"/>
    <DLV A="EA63" B="" C="DET-45"/>
    <DLV A="EA64" B="" C="DET-45"/>
    <DLV A="0043" B="" C="DET-46"/>
    <DLV A="000C" B="" C="DET-46"/>
    <DLV A="019F" B="" C="DET-46"/>
    <DLV A="01A1" B="" C="DET-46"/>
    <DLV A="01A3" B="" C="DET-46"/>
    <DLV A="EA60" B="" C="DET-46"/>
    <DLV A="EA6F" B="" C="DET-46"/>
    <DLV A="01AB" B="" C="DET-46"/>
    <DLV A="EA62" B="" C="DET-46"/>
    <DLV A="EA63" B="" C="DET-46"/>
    <DLV A="EA64" B="" C="DET-46"/>
    <DLV A="0043" B="" C="DET-47"/>
    <DLV A="000C" B="" C="DET-47"/>
    <DLV A="019F" B="" C="DET-47"/>
    <DLV A="01A1" B="" C="DET-47"/>
    <DLV A="01A3" B="" C="DET-47"/>
    <DLV A="EA60" B="" C="DET-47"/>
    <DLV A="EA6F" B="" C="DET-47"/>
    <DLV A="01AB" B="" C="DET-47"/>
    <DLV A="EA62" B="" C="DET-47"/>
    <DLV A="EA63" B="" C="DET-47"/>
    <DLV A="EA64" B="" C="DET-47"/>
    <DLV A="0043" B="" C="DET-48"/>
    <DLV A="0087" B="" C="DET-48"/>
    <DLV A="000C" B="" C="DET-48"/>
    <DLV A="019F" B="" C="DET-48"/>
    <DLV A="01A1" B="" C="DET-48"/>
    <DLV A="01A3" B="" C="DET-48"/>
    <DLV A="EA60" B="" C="DET-48"/>
    <DLV A="EA6F" B="" C="DET-48"/>
    <DLV A="01AB" B="" C="DET-48"/>
    <DLV A="EA62" B="" C="DET-48"/>
    <DLV A="EA63" B="" C="DET-48"/>
    <DLV A="EA64" B="" C="DET-48"/>
    <DLV A="0043" B="" C="DET-49"/>
    <DLV A="0087" B="" C="DET-49"/>
    <DLV A="000C" B="" C="DET-49"/>
    <DLV A="019F" B="" C="DET-49"/>
    <DLV A="01A1" B="" C="DET-49"/>
    <DLV A="01A3" B="" C="DET-49"/>
    <DLV A="EA60" B="" C="DET-49"/>
    <DLV A="EA6F" B="" C="DET-49"/>
    <DLV A="01AB" B="" C="DET-49"/>
    <DLV A="EA62" B="" C="DET-49"/>
    <DLV A="EA63" B="" C="DET-49"/>
    <DLV A="EA64" B="" C="DET-49"/>
    <DLV A="0043" B="" C="DET-50"/>
    <DLV A="0087" B="" C="DET-50"/>
    <DLV A="000C" B="" C="DET-50"/>
    <DLV A="019F" B="" C="DET-50"/>
    <DLV A="01A1" B="" C="DET-50"/>
    <DLV A="01A3" B="" C="DET-50"/>
    <DLV A="EA60" B="" C="DET-50"/>
    <DLV A="EA6F" B="" C="DET-50"/>
    <DLV A="01AB" B="" C="DET-50"/>
    <DLV A="EA62" B="" C="DET-50"/>
    <DLV A="EA63" B="" C="DET-50"/>
    <DLV A="EA64" B="" C="DET-50"/>
    <DLV A="0043" B="" C="DET-51"/>
    <DLV A="0087" B="" C="DET-51"/>
    <DLV A="000C" B="" C="DET-51"/>
    <DLV A="019F" B="" C="DET-51"/>
    <DLV A="01A1" B="" C="DET-51"/>
    <DLV A="01A3" B="" C="DET-51"/>
    <DLV A="EA60" B="" C="DET-51"/>
    <DLV A="EA6F" B="" C="DET-51"/>
    <DLV A="01AB" B="" C="DET-51"/>
    <DLV A="EA62" B="" C="DET-51"/>
    <DLV A="EA63" B="" C="DET-51"/>
    <DLV A="EA64" B="" C="DET-51"/>
    <DLV A="0043" B="" C="DET-52"/>
    <DLV A="0087" B="" C="DET-52"/>
    <DLV A="000C" B="" C="DET-52"/>
    <DLV A="019F" B="" C="DET-52"/>
    <DLV A="01A1" B="" C="DET-52"/>
    <DLV A="01A3" B="" C="DET-52"/>
    <DLV A="EA60" B="" C="DET-52"/>
    <DLV A="EA6F" B="" C="DET-52"/>
    <DLV A="01AB" B="" C="DET-52"/>
    <DLV A="EA62" B="" C="DET-52"/>
    <DLV A="EA63" B="" C="DET-52"/>
    <DLV A="EA64" B="" C="DET-52"/>
    <DLV A="0043" B="" C="DET-53"/>
    <DLV A="0087" B="" C="DET-53"/>
    <DLV A="000C" B="" C="DET-53"/>
    <DLV A="019F" B="" C="DET-53"/>
    <DLV A="01A1" B="" C="DET-53"/>
    <DLV A="01A3" B="" C="DET-53"/>
    <DLV A="EA60" B="" C="DET-53"/>
    <DLV A="EA6F" B="" C="DET-53"/>
    <DLV A="01AB" B="" C="DET-53"/>
    <DLV A="EA62" B="" C="DET-53"/>
    <DLV A="EA63" B="" C="DET-53"/>
    <DLV A="EA64" B="" C="DET-53"/>
    <DLV A="0043" B="" C="DET-54"/>
    <DLV A="0087" B="" C="DET-54"/>
    <DLV A="000C" B="" C="DET-54"/>
    <DLV A="019F" B="" C="DET-54"/>
    <DLV A="01A1" B="" C="DET-54"/>
    <DLV A="01A3" B="" C="DET-54"/>
    <DLV A="EA60" B="" C="DET-54"/>
    <DLV A="EA6F" B="" C="DET-54"/>
    <DLV A="01AB" B="" C="DET-54"/>
    <DLV A="EA62" B="" C="DET-54"/>
    <DLV A="EA63" B="" C="DET-54"/>
    <DLV A="EA64" B="" C="DET-54"/>
    <DLV A="0043" B="" C="DET-55"/>
    <DLV A="0087" B="" C="DET-55"/>
    <DLV A="000C" B="" C="DET-55"/>
    <DLV A="019F" B="" C="DET-55"/>
    <DLV A="01A1" B="" C="DET-55"/>
    <DLV A="01A3" B="" C="DET-55"/>
    <DLV A="EA60" B="" C="DET-55"/>
    <DLV A="EA6F" B="" C="DET-55"/>
    <DLV A="01AB" B="" C="DET-55"/>
    <DLV A="EA62" B="" C="DET-55"/>
    <DLV A="EA63" B="" C="DET-55"/>
    <DLV A="EA64" B="" C="DET-55"/>
    <DLV A="0043" B="" C="DET-56"/>
    <DLV A="0087" B="" C="DET-56"/>
    <DLV A="000C" B="" C="DET-56"/>
    <DLV A="019F" B="" C="DET-56"/>
    <DLV A="01A1" B="" C="DET-56"/>
    <DLV A="01A3" B="" C="DET-56"/>
    <DLV A="EA60" B="" C="DET-56"/>
    <DLV A="EA6F" B="" C="DET-56"/>
    <DLV A="01AB" B="" C="DET-56"/>
    <DLV A="EA62" B="" C="DET-56"/>
    <DLV A="EA63" B="" C="DET-56"/>
    <DLV A="EA64" B="" C="DET-56"/>
    <DLV A="0043" B="" C="DET-57"/>
    <DLV A="0087" B="" C="DET-57"/>
    <DLV A="000C" B="" C="DET-57"/>
    <DLV A="019F" B="" C="DET-57"/>
    <DLV A="01A1" B="" C="DET-57"/>
    <DLV A="01A3" B="" C="DET-57"/>
    <DLV A="EA60" B="" C="DET-57"/>
    <DLV A="EA6F" B="" C="DET-57"/>
    <DLV A="01AB" B="" C="DET-57"/>
    <DLV A="EA62" B="" C="DET-57"/>
    <DLV A="EA63" B="" C="DET-57"/>
    <DLV A="EA64" B="" C="DET-57"/>
    <DLV A="0043" B="" C="DET-58"/>
    <DLV A="0087" B="" C="DET-58"/>
    <DLV A="000C" B="" C="DET-58"/>
    <DLV A="019F" B="" C="DET-58"/>
    <DLV A="01A1" B="" C="DET-58"/>
    <DLV A="01A3" B="" C="DET-58"/>
    <DLV A="EA60" B="" C="DET-58"/>
    <DLV A="EA6F" B="" C="DET-58"/>
    <DLV A="01AB" B="" C="DET-58"/>
    <DLV A="EA62" B="" C="DET-58"/>
    <DLV A="EA63" B="" C="DET-58"/>
    <DLV A="EA64" B="" C="DET-58"/>
    <DLV A="0043" B="" C="DET-59"/>
    <DLV A="0087" B="" C="DET-59"/>
    <DLV A="000C" B="" C="DET-59"/>
    <DLV A="019F" B="" C="DET-59"/>
    <DLV A="01A1" B="" C="DET-59"/>
    <DLV A="01A3" B="" C="DET-59"/>
    <DLV A="EA60" B="" C="DET-59"/>
    <DLV A="EA6F" B="" C="DET-59"/>
    <DLV A="01AB" B="" C="DET-59"/>
    <DLV A="EA62" B="" C="DET-59"/>
    <DLV A="EA63" B="" C="DET-59"/>
    <DLV A="EA64" B="" C="DET-59"/>
    <DLV A="0086" B="" C="DET-3"/>
    <DLV A="0086" B="" C="DET-4"/>
    <DLV A="0086" B="" C="DET-9"/>
    <DLV A="0086" B="" C="DET-10"/>
    <DLV A="0086" B="" C="DET-11"/>
    <DLV A="0086" B="" C="DET-12"/>
    <DLV A="0086" B="" C="DET-13"/>
    <DLV A="0086" B="" C="DET-14"/>
    <DLV A="0086" B="" C="DET-15"/>
    <DLV A="0086" B="" C="DET-16"/>
    <DLV A="0086" B="" C="DET-17"/>
    <DLV A="0086" B="" C="DET-18"/>
    <DLV A="0086" B="" C="DET-19"/>
    <DLV A="0086" B="" C="DET-20"/>
    <DLV A="0086" B="" C="DET-21"/>
    <DLV A="0086" B="" C="DET-22"/>
    <DLV A="0086" B="" C="DET-23"/>
    <DLV A="0086" B="" C="DET-24"/>
    <DLV A="0086" B="" C="DET-25"/>
    <DLV A="0086" B="" C="DET-26"/>
    <DLV A="0086" B="" C="DET-27"/>
    <DLV A="0086" B="" C="DET-28"/>
    <DLV A="0086" B="" C="DET-29"/>
    <DLV A="0086" B="" C="DET-30"/>
    <DLV A="0086" B="" C="DET-31"/>
    <DLV A="0086" B="" C="DET-32"/>
    <DLV A="0086" B="" C="DET-33"/>
    <DLV A="0086" B="" C="DET-34"/>
    <DLV A="0086" B="" C="DET-35"/>
    <DLV A="0087" B="" C="DET-5"/>
    <DLV A="0087" B="" C="DET-6"/>
    <DLV A="0087" B="" C="DET-9"/>
    <DLV A="0087" B="" C="DET-12"/>
    <DLV A="0087" B="" C="DET-13"/>
    <DLV A="0087" B="" C="DET-14"/>
    <DLV A="0087" B="" C="DET-15"/>
    <DLV A="0087" B="" C="DET-16"/>
    <DLV A="DFFF" B="" C="DET-1"/>
    <DLV A="0043" B="" C="DET-3"/>
    <DLV A="0043" B="" C="DET-4"/>
    <DLV A="0043" B="" C="DET-5"/>
    <DLV A="0043" B="" C="DET-6"/>
    <DLV A="0043" B="" C="DET-7"/>
    <DLV A="0043" B="" C="DET-8"/>
    <DLV A="0043" B="" C="DET-9"/>
    <DLV A="0043" B="" C="DET-10"/>
    <DLV A="0043" B="" C="DET-11"/>
    <DLV A="000C" B="" C="DET-3"/>
    <DLV A="000D" B="" C="DET-3"/>
    <DLV A="000E" B="" C="DET-3"/>
    <DLV A="000F" B="" C="DET-3"/>
    <DLV A="01AA" B="" C="DET-3"/>
    <DLV A="016F" B="" C="DET-3"/>
    <DLV A="0002" B="" C="DET-4"/>
    <DLV A="0003" B="" C="DET-4"/>
    <DLV A="0004" B="" C="DET-4"/>
    <DLV A="0005" B="" C="DET-4"/>
    <DLV A="0087" B="" C="DET-17"/>
    <DLV A="0087" B="" C="DET-18"/>
    <DLV A="0087" B="" C="DET-19"/>
    <DLV A="0087" B="" C="DET-20"/>
    <DLV A="0087" B="" C="DET-21"/>
    <DLV A="0087" B="" C="DET-22"/>
    <DLV A="0087" B="" C="DET-23"/>
    <DLV A="0087" B="" C="DET-36"/>
    <DLV A="0087" B="" C="DET-37"/>
    <DLV A="0087" B="" C="DET-38"/>
    <DLV A="0087" B="" C="DET-39"/>
    <DLV A="0087" B="" C="DET-40"/>
    <DLV A="0087" B="" C="DET-41"/>
</TIM>
