<?xml version="1.0" encoding="UTF-8"?>
<TIM A="" D="4">
    <PTN A="" B="" C="" D="1" E="" F="" G="" H="" I=""/>
    <DLV A="DFFE" B="" C="DET-5000001" D="129026" E="16" F="31"/>
    <DLV A="DFFE" B="" C="DET-5000001" D="129026" E="32" F="47"/>
    <DLV A="DFFE" B="" C="DET-5000000" D="65096" E="0" F="15"/>
    <DLV A="DFFE" B="" C="DET-5000000" D="65097" E="0" F="15"/>
    <DLV A="DFFE" B="" C="DET-5000001" D="127257" E="24" F="39"/>
    <DLV A="DFFE" B="" C="DET-5000001" D="127257" E="40" F="55"/>
    <DLV A="DFFE" B="" C="DET-5000000" D="44032" E="0" F="15"/>
    <DLV A="0086" B="" C="DET-5000000"/>
    <DLV A="0087" B="" C="DET-5000000"/>
    <DLV A="F424" B="" C="DET-5000000"/>
    <DLV A="F425" B="" C="DET-5000000"/>
    <DLV A="0251" B="" C="DET-5000000"/>
    <DLV A="0252" B="" C="DET-5000000"/>
    <DLV A="F426" B="" C="DET-5000000"/>
    <DLV A="F427" B="" C="DET-5000000"/>
    <DLV A="0086" B="" C="DET-5000001"/>
    <DLV A="0087" B="" C="DET-5000001"/>
    <DLV A="0088" B="" C="DET-5000001"/>
    <DLV A="0086" B="" C="DET-5000003"/>
    <DLV A="0087" B="" C="DET-5000003"/>
    <DLV A="009D" B="" C="DET-5000003"/>
    <DLV A="0086" B="" C="DET-5000002"/>
    <DLV A="0087" B="" C="DET-5000002"/>
    <DLV A="009D" B="" C="DET-5000002"/>
    <DLV A="0086" B="" C="DET-5000004"/>
    <DLV A="0087" B="" C="DET-5000004"/>
    <DLV A="009D" B="" C="DET-5000004"/>
    <DLV A="0046" B="" C="DET-2000005"/>
    <DLV A="0086" B="" C="DET-2000004"/>
    <DLV A="0087" B="" C="DET-2000004"/>
    <DLV A="008D" B="" C="DET-2000003"/>
    <DLV A="009D" B="" C="DET-2000004"/>
    <DLV A="008E" B="" C="DET-4"/>
    <DLV A="00A1" B="" C="DET-4"/>
    <DLV A="000B" B="" C="DET-5"/>
    <DLV A="000C" B="" C="DET-5"/>
    <DLV A="0046" B="" C="DET-5"/>
    <DLV A="009E" B="" C="DET-5"/>
    <DLV A="000B" B="" C="DET-6"/>
    <DLV A="000C" B="" C="DET-6"/>
    <DLV A="0046" B="" C="DET-6"/>
    <DLV A="009E" B="" C="DET-6"/>
    <DLV A="0087" B="" C="DET-7"/>
    <DLV A="000B" B="" C="DET-7"/>
    <DLV A="000C" B="" C="DET-7"/>
    <DLV A="0046" B="" C="DET-7"/>
    <DLV A="009E" B="" C="DET-7"/>
    <DLV A="0087" B="" C="DET-8"/>
    <DLV A="000B" B="" C="DET-8"/>
    <DLV A="000C" B="" C="DET-8"/>
    <DLV A="0046" B="" C="DET-8"/>
    <DLV A="009E" B="" C="DET-8"/>
    <DLV A="0002" B="" C="DET-9"/>
    <DLV A="0087" B="" C="DET-10"/>
    <DLV A="0002" B="" C="DET-10"/>
    <DLV A="0087" B="" C="DET-11"/>
    <DLV A="0002" B="" C="DET-11"/>
    <DLV A="0043" B="" C="DET-60"/>
    <DLV A="0002" B="" C="DET-60"/>
    <DLV A="0043" B="" C="DET-61"/>
    <DLV A="0002" B="" C="DET-61"/>
    <DLV A="0043" B="" C="DET-62"/>
    <DLV A="0002" B="" C="DET-62"/>
    <DLV A="0043" B="" C="DET-63"/>
    <DLV A="0002" B="" C="DET-63"/>
    <DLV A="0043" B="" C="DET-64"/>
    <DLV A="0002" B="" C="DET-64"/>
    <DLV A="0043" B="" C="DET-65"/>
    <DLV A="0002" B="" C="DET-65"/>
    <DLV A="0043" B="" C="DET-66"/>
    <DLV A="0002" B="" C="DET-66"/>
    <DLV A="0043" B="" C="DET-67"/>
    <DLV A="0002" B="" C="DET-67"/>
    <DLV A="0043" B="" C="DET-68"/>
    <DLV A="0002" B="" C="DET-68"/>
    <DLV A="0043" B="" C="DET-69"/>
    <DLV A="0002" B="" C="DET-69"/>
    <DLV A="0043" B="" C="DET-70"/>
    <DLV A="0002" B="" C="DET-70"/>
    <DLV A="0043" B="" C="DET-71"/>
    <DLV A="0002" B="" C="DET-71"/>
    <DLV A="0043" B="" C="DET-72"/>
    <DLV A="0087" B="" C="DET-72"/>
    <DLV A="0002" B="" C="DET-72"/>
    <DLV A="0043" B="" C="DET-73"/>
    <DLV A="0087" B="" C="DET-73"/>
    <DLV A="0002" B="" C="DET-73"/>
    <DLV A="0043" B="" C="DET-74"/>
    <DLV A="0087" B="" C="DET-74"/>
    <DLV A="0002" B="" C="DET-74"/>
    <DLV A="0043" B="" C="DET-75"/>
    <DLV A="0087" B="" C="DET-75"/>
    <DLV A="0002" B="" C="DET-75"/>
    <DLV A="0043" B="" C="DET-76"/>
    <DLV A="0087" B="" C="DET-76"/>
    <DLV A="0002" B="" C="DET-76"/>
    <DLV A="0043" B="" C="DET-77"/>
    <DLV A="0087" B="" C="DET-77"/>
    <DLV A="0002" B="" C="DET-77"/>
    <DLV A="0043" B="" C="DET-78"/>
    <DLV A="0087" B="" C="DET-78"/>
    <DLV A="0002" B="" C="DET-78"/>
    <DLV A="0043" B="" C="DET-79"/>
    <DLV A="0087" B="" C="DET-79"/>
    <DLV A="0002" B="" C="DET-79"/>
    <DLV A="0043" B="" C="DET-80"/>
    <DLV A="0087" B="" C="DET-80"/>
    <DLV A="0002" B="" C="DET-80"/>
    <DLV A="0043" B="" C="DET-81"/>
    <DLV A="0087" B="" C="DET-81"/>
    <DLV A="0002" B="" C="DET-81"/>
    <DLV A="0043" B="" C="DET-82"/>
    <DLV A="0087" B="" C="DET-82"/>
    <DLV A="0002" B="" C="DET-82"/>
    <DLV A="0043" B="" C="DET-83"/>
    <DLV A="0087" B="" C="DET-83"/>
    <DLV A="0002" B="" C="DET-83"/>
    <DLV A="0043" B="" C="DET-12"/>
    <DLV A="0043" B="" C="DET-13"/>
    <DLV A="0043" B="" C="DET-14"/>
    <DLV A="0043" B="" C="DET-15"/>
    <DLV A="0043" B="" C="DET-16"/>
    <DLV A="0043" B="" C="DET-17"/>
    <DLV A="0043" B="" C="DET-18"/>
    <DLV A="0043" B="" C="DET-19"/>
    <DLV A="0043" B="" C="DET-20"/>
    <DLV A="0043" B="" C="DET-21"/>
    <DLV A="0043" B="" C="DET-22"/>
    <DLV A="0043" B="" C="DET-23"/>
    <DLV A="0043" B="" C="DET-24"/>
    <DLV A="0087" B="" C="DET-24"/>
    <DLV A="0043" B="" C="DET-25"/>
    <DLV A="0087" B="" C="DET-25"/>
    <DLV A="0043" B="" C="DET-26"/>
    <DLV A="0087" B="" C="DET-26"/>
    <DLV A="0043" B="" C="DET-27"/>
    <DLV A="0087" B="" C="DET-27"/>
    <DLV A="0043" B="" C="DET-28"/>
    <DLV A="0087" B="" C="DET-28"/>
    <DLV A="0043" B="" C="DET-29"/>
    <DLV A="0087" B="" C="DET-29"/>
    <DLV A="0043" B="" C="DET-30"/>
    <DLV A="0087" B="" C="DET-30"/>
    <DLV A="0043" B="" C="DET-31"/>
    <DLV A="0087" B="" C="DET-31"/>
    <DLV A="0043" B="" C="DET-32"/>
    <DLV A="0087" B="" C="DET-32"/>
    <DLV A="0043" B="" C="DET-33"/>
    <DLV A="0087" B="" C="DET-33"/>
    <DLV A="0043" B="" C="DET-34"/>
    <DLV A="0087" B="" C="DET-34"/>
    <DLV A="0043" B="" C="DET-35"/>
    <DLV A="0087" B="" C="DET-35"/>
    <DLV A="0043" B="" C="DET-36"/>
    <DLV A="000C" B="" C="DET-36"/>
    <DLV A="019F" B="" C="DET-36"/>
    <DLV A="01A1" B="" C="DET-36"/>
    <DLV A="01A3" B="" C="DET-36"/>
    <DLV A="EA60" B="" C="DET-36"/>
    <DLV A="EA6F" B="" C="DET-36"/>
    <DLV A="01AB" B="" C="DET-36"/>
    <DLV A="EA62" B="" C="DET-36"/>
    <DLV A="EA63" B="" C="DET-36"/>
    <DLV A="EA64" B="" C="DET-36"/>
    <DLV A="0043" B="" C="DET-37"/>
    <DLV A="000C" B="" C="DET-37"/>
    <DLV A="019F" B="" C="DET-37"/>
    <DLV A="01A1" B="" C="DET-37"/>
    <DLV A="01A3" B="" C="DET-37"/>
    <DLV A="EA60" B="" C="DET-37"/>
    <DLV A="EA6F" B="" C="DET-37"/>
    <DLV A="01AB" B="" C="DET-37"/>
    <DLV A="EA62" B="" C="DET-37"/>
    <DLV A="EA63" B="" C="DET-37"/>
    <DLV A="EA64" B="" C="DET-37"/>
    <DLV A="0043" B="" C="DET-38"/>
    <DLV A="000C" B="" C="DET-38"/>
    <DLV A="019F" B="" C="DET-38"/>
    <DLV A="01A1" B="" C="DET-38"/>
    <DLV A="01A3" B="" C="DET-38"/>
    <DLV A="EA60" B="" C="DET-38"/>
    <DLV A="EA6F" B="" C="DET-38"/>
    <DLV A="01AB" B="" C="DET-38"/>
    <DLV A="EA62" B="" C="DET-38"/>
    <DLV A="EA63" B="" C="DET-38"/>
    <DLV A="EA64" B="" C="DET-38"/>
    <DLV A="0043" B="" C="DET-39"/>
    <DLV A="000C" B="" C="DET-39"/>
    <DLV A="019F" B="" C="DET-39"/>
    <DLV A="01A1" B="" C="DET-39"/>
    <DLV A="01A3" B="" C="DET-39"/>
    <DLV A="EA60" B="" C="DET-39"/>
    <DLV A="EA6F" B="" C="DET-39"/>
    <DLV A="01AB" B="" C="DET-39"/>
    <DLV A="EA62" B="" C="DET-39"/>
    <DLV A="EA63" B="" C="DET-39"/>
    <DLV A="EA64" B="" C="DET-39"/>
    <DLV A="0043" B="" C="DET-40"/>
    <DLV A="000C" B="" C="DET-40"/>
    <DLV A="019F" B="" C="DET-40"/>
    <DLV A="01A1" B="" C="DET-40"/>
    <DLV A="01A3" B="" C="DET-40"/>
    <DLV A="EA60" B="" C="DET-40"/>
    <DLV A="EA6F" B="" C="DET-40"/>
    <DLV A="01AB" B="" C="DET-40"/>
    <DLV A="EA62" B="" C="DET-40"/>
    <DLV A="EA63" B="" C="DET-40"/>
    <DLV A="EA64" B="" C="DET-40"/>
    <DLV A="0043" B="" C="DET-41"/>
    <DLV A="000C" B="" C="DET-41"/>
    <DLV A="019F" B="" C="DET-41"/>
    <DLV A="01A1" B="" C="DET-41"/>
    <DLV A="01A3" B="" C="DET-41"/>
    <DLV A="EA60" B="" C="DET-41"/>
    <DLV A="EA6F" B="" C="DET-41"/>
    <DLV A="01AB" B="" C="DET-41"/>
    <DLV A="EA62" B="" C="DET-41"/>
    <DLV A="EA63" B="" C="DET-41"/>
    <DLV A="EA64" B="" C="DET-41"/>
    <DLV A="0043" B="" C="DET-42"/>
    <DLV A="000C" B="" C="DET-42"/>
    <DLV A="019F" B="" C="DET-42"/>
    <DLV A="01A1" B="" C="DET-42"/>
    <DLV A="01A3" B="" C="DET-42"/>
    <DLV A="EA60" B="" C="DET-42"/>
    <DLV A="EA6F" B="" C="DET-42"/>
    <DLV A="01AB" B="" C="DET-42"/>
    <DLV A="EA62" B="" C="DET-42"/>
    <DLV A="EA63" B="" C="DET-42"/>
    <DLV A="EA64" B="" C="DET-42"/>
    <DLV A="0043" B="" C="DET-43"/>
    <DLV A="000C" B="" C="DET-43"/>
    <DLV A="019F" B="" C="DET-43"/>
    <DLV A="01A1" B="" C="DET-43"/>
    <DLV A="01A3" B="" C="DET-43"/>
    <DLV A="EA60" B="" C="DET-43"/>
    <DLV A="EA6F" B="" C="DET-43"/>
    <DLV A="01AB" B="" C="DET-43"/>
    <DLV A="EA62" B="" C="DET-43"/>
    <DLV A="EA63" B="" C="DET-43"/>
    <DLV A="EA64" B="" C="DET-43"/>
    <DLV A="0043" B="" C="DET-44"/>
    <DLV A="009E" B="" C="DET-4"/>
    <DLV A="00A0" B="" C="DET-4"/>
    <DLV A="009E" B="" C="DET-3"/>
    <DLV A="00A0" B="" C="DET-3"/>
    <DLV A="0046" B="" C="DET-1"/>
    <DLV A="0046" B="" C="DET-3"/>
    <DLV A="0046" B="" C="DET-4"/>
    <DLV A="0086" B="" C="DET-2"/>
    <DLV A="0087" B="" C="DET-2"/>
    <DLV A="0087" B="" C="DET-3"/>
    <DLV A="0087" B="" C="DET-4"/>
    <DLV A="000C" B="" C="DET-44"/>
    <DLV A="019F" B="" C="DET-44"/>
</TIM>
