{
  "InputAndOutputs": [
    {
      "FileName": "D:\\Users\\F16354C\\OneDrive - CNH Industrial\\Documents\\CNH\\CNH Ind\\CN1 folder\\EVO Data Files\\Harvesting\\071004Q2_HOSCH.cn1\\shared\\4YJIH002.fmd\\4YJIH003.fld\\4YJIH00S.tsh",
      "CalibInput": {
        "mode": "Grain",
        "is_cnh": false,
        "byte_buffer": "XAOCBB0FtwW4BroHuwhpCQMKpgqmC0sATQAwAB8ALABhAI8BZgLYACoABQC8wwAAcgABAIooAQB0ZAIAyL8GAEhkIgDAZTwApl8YAJpkBQBatgAA",
        "crop_id": 0,
        "moisture_percent": 13.526647073230469
      },
      "CalibOutput": {
        "mode": "Grain",
        "crop_id": 0,
        "moisture_percent": 13.526647073230469,
        "crop_weight": 18004.928492065646,
        "sample_flow_0": [
          {
            "min_force": 0,
            "min_flow": -1.4000000000000004,
            "flow_increment": 0.0032487000000001043
          },
          {
            "min_force": 1000,
            "min_flow": 1.7027500000000009,
            "flow_increment": 0.0017127499999998186
          },
          {
            "min_force": 2000,
            "min_flow": 3.4134,
            "flow_increment": 0.0017016999999999172
          },
          {
            "min_force": 3000,
            "min_flow": 5.4395500000000006,
            "flow_increment": 0.0028398500000008653
          },
          {
            "min_force": 4000,
            "min_flow": 8.2836,
            "flow_increment": 0.0028509000000003226
          },
          {
            "min_force": 5000,
            "min_flow": 11.12925,
            "flow_increment": 0.0028398500000008653
          },
          {
            "min_force": 6000,
            "min_flow": 13.446200000000001,
            "flow_increment": 0.0019226999999997219
          },
          {
            "min_force": 7000,
            "min_flow": 15.2219,
            "flow_increment": 0.0017016999999981408
          },
          {
            "min_force": 8000,
            "min_flow": 16.999200000000002,
            "flow_increment": 0.0018011499999985858
          },
          {
            "min_force": 9000,
            "min_flow": 19.6792,
            "flow_increment": 0.0028287999999996316
          }
        ],
        "sample_flow_100": [
          {
            "min_force": 0,
            "min_flow": -1.4000000000000004,
            "flow_increment": 0.0010437000000000918
          },
          {
            "min_force": 1000,
            "min_flow": 0.54025000000000156,
            "flow_increment": 0.00055024999999997437
          },
          {
            "min_force": 2000,
            "min_flow": 1.1033999999999986,
            "flow_increment": 0.00054670000000012209
          },
          {
            "min_force": 3000,
            "min_flow": -0.34294999999999654,
            "flow_increment": 0.00091235000000011723
          },
          {
            "min_force": 4000,
            "min_flow": 0.54359999999999431,
            "flow_increment": 0.00091589999999985849
          },
          {
            "min_force": 5000,
            "min_flow": 1.4917499999999997,
            "flow_increment": 0.00091235000000011723
          },
          {
            "min_force": 6000,
            "min_flow": 5.6162000000000072,
            "flow_increment": 0.00061770000000027636
          },
          {
            "min_force": 7000,
            "min_flow": 7.1369000000000034,
            "flow_increment": 0.00054670000000012209
          },
          {
            "min_force": 8000,
            "min_flow": 7.2191999999999856,
            "flow_increment": 0.000578650000000458
          },
          {
            "min_force": 9000,
            "min_flow": 2.3992000000000093,
            "flow_increment": 0.0009087999999994878
          }
        ]
      }
    },
    {
      "FileName": "D:\\Users\\F16354C\\OneDrive - CNH Industrial\\Documents\\CNH\\CNH Ind\\CN1 folder\\EVO Data Files\\Harvesting\\071004Q2_HOSCH.cn1\\shared\\4YJIH002.fmd\\4YJIH003.fld\\4YJIH00T.tsh",
      "CalibInput": {
        "mode": "Grain",
        "is_cnh": false,
        "byte_buffer": "XAOCBB0FtwW4BroHuwhpCQMKpgqmC0sAUAApACoAOQBLAJkAuwCCAIQAeAA2zAAA0ugAAAiXAQBWDwMAhjQFAML9DADQXRIA1tUOAFINEQCW+hEA",
        "crop_id": 0,
        "moisture_percent": 13.008445509865389
      },
      "CalibOutput": {
        "mode": "Grain",
        "crop_id": 0,
        "moisture_percent": 13.008445509865389,
        "crop_weight": 11956.504969456935,
        "sample_flow_0": [
          {
            "min_force": 0,
            "min_flow": -1.4000000000000004,
            "flow_increment": 0.0032487000000001043
          },
          {
            "min_force": 1000,
            "min_flow": 1.7027500000000009,
            "flow_increment": 0.0017127499999998186
          },
          {
            "min_force": 2000,
            "min_flow": 3.4134,
            "flow_increment": 0.0017016999999999172
          },
          {
            "min_force": 3000,
            "min_flow": 5.4395500000000006,
            "flow_increment": 0.0028398500000008653
          },
          {
            "min_force": 4000,
            "min_flow": 8.2836,
            "flow_increment": 0.0028509000000003226
          },
          {
            "min_force": 5000,
            "min_flow": 11.12925,
            "flow_increment": 0.0028398500000008653
          },
          {
            "min_force": 6000,
            "min_flow": 13.446200000000001,
            "flow_increment": 0.0019226999999997219
          },
          {
            "min_force": 7000,
            "min_flow": 15.2219,
            "flow_increment": 0.0017016999999981408
          },
          {
            "min_force": 8000,
            "min_flow": 16.999200000000002,
            "flow_increment": 0.0018011499999985858
          },
          {
            "min_force": 9000,
            "min_flow": 19.6792,
            "flow_increment": 0.0028287999999996316
          }
        ],
        "sample_flow_100": [
          {
            "min_force": 0,
            "min_flow": -1.4000000000000004,
            "flow_increment": 0.0010437000000000918
          },
          {
            "min_force": 1000,
            "min_flow": 0.54025000000000156,
            "flow_increment": 0.00055024999999997437
          },
          {
            "min_force": 2000,
            "min_flow": 1.1033999999999986,
            "flow_increment": 0.00054670000000012209
          },
          {
            "min_force": 3000,
            "min_flow": -0.34294999999999654,
            "flow_increment": 0.00091235000000011723
          },
          {
            "min_force": 4000,
            "min_flow": 0.54359999999999431,
            "flow_increment": 0.00091589999999985849
          },
          {
            "min_force": 5000,
            "min_flow": 1.4917499999999997,
            "flow_increment": 0.00091235000000011723
          },
          {
            "min_force": 6000,
            "min_flow": 5.6162000000000072,
            "flow_increment": 0.00061770000000027636
          },
          {
            "min_force": 7000,
            "min_flow": 7.1369000000000034,
            "flow_increment": 0.00054670000000012209
          },
          {
            "min_force": 8000,
            "min_flow": 7.2191999999999856,
            "flow_increment": 0.000578650000000458
          },
          {
            "min_force": 9000,
            "min_flow": 2.3992000000000093,
            "flow_increment": 0.0009087999999994878
          }
        ]
      }
    },
    {
      "FileName": "D:\\Users\\F16354C\\OneDrive - CNH Industrial\\Documents\\CNH\\CNH Ind\\CN1 folder\\EVO Data Files\\Harvesting\\071004Q2_HOSCH.cn1\\shared\\4YJIH002.fmd\\4YJIH003.fld\\4YJIH00U.tsh",
      "CalibInput": {
        "mode": "Grain",
        "is_cnh": false,
        "byte_buffer": "XAOCBB0FtwW4BroHuwhpCQMKpgqmC0sA9gCuAJkAkADVAFMBGgKhBNsIJApOiAIAGNsDAKrrBQC+vwcApsgOABSmHAAA4jUAaiCJANoeJwFmfoIB",
        "crop_id": 0,
        "moisture_percent": 12.325449955503897
      },
      "CalibOutput": {
        "mode": "Grain",
        "crop_id": 0,
        "moisture_percent": 12.325449955503897,
        "crop_weight": 121371.31845970074,
        "sample_flow_0": [
          {
            "min_force": 0,
            "min_flow": -1.4000000000000004,
            "flow_increment": 0.0032487000000001043
          },
          {
            "min_force": 1000,
            "min_flow": 1.7027500000000009,
            "flow_increment": 0.0017127499999998186
          },
          {
            "min_force": 2000,
            "min_flow": 3.4134,
            "flow_increment": 0.0017016999999999172
          },
          {
            "min_force": 3000,
            "min_flow": 5.4395500000000006,
            "flow_increment": 0.0028398500000008653
          },
          {
            "min_force": 4000,
            "min_flow": 8.2836,
            "flow_increment": 0.0028509000000003226
          },
          {
            "min_force": 5000,
            "min_flow": 11.12925,
            "flow_increment": 0.0028398500000008653
          },
          {
            "min_force": 6000,
            "min_flow": 13.446200000000001,
            "flow_increment": 0.0019226999999997219
          },
          {
            "min_force": 7000,
            "min_flow": 15.2219,
            "flow_increment": 0.0017016999999981408
          },
          {
            "min_force": 8000,
            "min_flow": 16.999200000000002,
            "flow_increment": 0.0018011499999985858
          },
          {
            "min_force": 9000,
            "min_flow": 19.6792,
            "flow_increment": 0.0028287999999996316
          }
        ],
        "sample_flow_100": [
          {
            "min_force": 0,
            "min_flow": -1.4000000000000004,
            "flow_increment": 0.0010437000000000918
          },
          {
            "min_force": 1000,
            "min_flow": 0.54025000000000156,
            "flow_increment": 0.00055024999999997437
          },
          {
            "min_force": 2000,
            "min_flow": 1.1033999999999986,
            "flow_increment": 0.00054670000000012209
          },
          {
            "min_force": 3000,
            "min_flow": -0.34294999999999654,
            "flow_increment": 0.00091235000000011723
          },
          {
            "min_force": 4000,
            "min_flow": 0.54359999999999431,
            "flow_increment": 0.00091589999999985849
          },
          {
            "min_force": 5000,
            "min_flow": 1.4917499999999997,
            "flow_increment": 0.00091235000000011723
          },
          {
            "min_force": 6000,
            "min_flow": 5.6162000000000072,
            "flow_increment": 0.00061770000000027636
          },
          {
            "min_force": 7000,
            "min_flow": 7.1369000000000034,
            "flow_increment": 0.00054670000000012209
          },
          {
            "min_force": 8000,
            "min_flow": 7.2191999999999856,
            "flow_increment": 0.000578650000000458
          },
          {
            "min_force": 9000,
            "min_flow": 2.3992000000000093,
            "flow_increment": 0.0009087999999994878
          }
        ]
      }
    },
    {
      "FileName": "D:\\Users\\F16354C\\OneDrive - CNH Industrial\\Documents\\CNH\\CNH Ind\\CN1 folder\\EVO Data Files\\Harvesting\\071004Q2_HOSCH.cn1\\shared\\4YJIH002.fmd\\4YJIH003.fld\\4YJIH00V.tsh",
      "CalibInput": {
        "mode": "Grain",
        "is_cnh": false,
        "byte_buffer": "XAOCBB0FtwW4BroHuwhpCQMKpgqmC0sAMwAiABYAGgAhACkAMwC4AKsBQQLUhAAAJr0AAATRAAB6agEAREsCALByAwASGAUAhFkVAMiPNwAAMlYA",
        "crop_id": 0,
        "moisture_percent": 11.925785802999906
      },
      "CalibOutput": {
        "mode": "Grain",
        "crop_id": 0,
        "moisture_percent": 11.925785802999906,
        "crop_weight": 23076.13661391395,
        "sample_flow_0": [
          {
            "min_force": 0,
            "min_flow": -1.4000000000000004,
            "flow_increment": 0.0032487000000001043
          },
          {
            "min_force": 1000,
            "min_flow": 1.7027500000000009,
            "flow_increment": 0.0017127499999998186
          },
          {
            "min_force": 2000,
            "min_flow": 3.4134,
            "flow_increment": 0.0017016999999999172
          },
          {
            "min_force": 3000,
            "min_flow": 5.4395500000000006,
            "flow_increment": 0.0028398500000008653
          },
          {
            "min_force": 4000,
            "min_flow": 8.2836,
            "flow_increment": 0.0028509000000003226
          },
          {
            "min_force": 5000,
            "min_flow": 11.12925,
            "flow_increment": 0.0028398500000008653
          },
          {
            "min_force": 6000,
            "min_flow": 13.446200000000001,
            "flow_increment": 0.0019226999999997219
          },
          {
            "min_force": 7000,
            "min_flow": 15.2219,
            "flow_increment": 0.0017016999999981408
          },
          {
            "min_force": 8000,
            "min_flow": 16.999200000000002,
            "flow_increment": 0.0018011499999985858
          },
          {
            "min_force": 9000,
            "min_flow": 19.6792,
            "flow_increment": 0.0028287999999996316
          }
        ],
        "sample_flow_100": [
          {
            "min_force": 0,
            "min_flow": -1.4000000000000004,
            "flow_increment": 0.0010437000000000918
          },
          {
            "min_force": 1000,
            "min_flow": 0.54025000000000156,
            "flow_increment": 0.00055024999999997437
          },
          {
            "min_force": 2000,
            "min_flow": 1.1033999999999986,
            "flow_increment": 0.00054670000000012209
          },
          {
            "min_force": 3000,
            "min_flow": -0.34294999999999654,
            "flow_increment": 0.00091235000000011723
          },
          {
            "min_force": 4000,
            "min_flow": 0.54359999999999431,
            "flow_increment": 0.00091589999999985849
          },
          {
            "min_force": 5000,
            "min_flow": 1.4917499999999997,
            "flow_increment": 0.00091235000000011723
          },
          {
            "min_force": 6000,
            "min_flow": 5.6162000000000072,
            "flow_increment": 0.00061770000000027636
          },
          {
            "min_force": 7000,
            "min_flow": 7.1369000000000034,
            "flow_increment": 0.00054670000000012209
          },
          {
            "min_force": 8000,
            "min_flow": 7.2191999999999856,
            "flow_increment": 0.000578650000000458
          },
          {
            "min_force": 9000,
            "min_flow": 2.3992000000000093,
            "flow_increment": 0.0009087999999994878
          }
        ]
      }
    },
    {
      "FileName": "D:\\Users\\F16354C\\OneDrive - CNH Industrial\\Documents\\CNH\\CNH Ind\\CN1 folder\\EVO Data Files\\Harvesting\\071004Q2_HOSCH.cn1\\shared\\4YJIH002.fmd\\4YJIH003.fld\\4YJIH00W.tsh",
      "CalibInput": {
        "mode": "Grain",
        "is_cnh": false,
        "byte_buffer": "XAOCBB0FtwW4BroHuwhpCQMKpgqmC0sABQAIAAIABAADAAEAAAAAAAAAAAB2DgAAuisAAC4VAACENwAALjMAALIUAAAAAAAAAAAAAAAAAAAAAAAA",
        "crop_id": 0,
        "moisture_percent": 12.502439024390245
      },
      "CalibOutput": {
        "mode": "Grain",
        "crop_id": 0,
        "moisture_percent": 12.502439024390245,
        "crop_weight": 90.072058813658529,
        "sample_flow_0": [
          {
            "min_force": 0,
            "min_flow": -1.4000000000000004,
            "flow_increment": 0.0032487000000001043
          },
          {
            "min_force": 1000,
            "min_flow": 1.7027500000000009,
            "flow_increment": 0.0017127499999998186
          },
          {
            "min_force": 2000,
            "min_flow": 3.4134,
            "flow_increment": 0.0017016999999999172
          },
          {
            "min_force": 3000,
            "min_flow": 5.4395500000000006,
            "flow_increment": 0.0028398500000008653
          },
          {
            "min_force": 4000,
            "min_flow": 8.2836,
            "flow_increment": 0.0028509000000003226
          },
          {
            "min_force": 5000,
            "min_flow": 11.12925,
            "flow_increment": 0.0028398500000008653
          },
          {
            "min_force": 6000,
            "min_flow": 13.446200000000001,
            "flow_increment": 0.0019226999999997219
          },
          {
            "min_force": 7000,
            "min_flow": 15.2219,
            "flow_increment": 0.0017016999999981408
          },
          {
            "min_force": 8000,
            "min_flow": 16.999200000000002,
            "flow_increment": 0.0018011499999985858
          },
          {
            "min_force": 9000,
            "min_flow": 19.6792,
            "flow_increment": 0.0028287999999996316
          }
        ],
        "sample_flow_100": [
          {
            "min_force": 0,
            "min_flow": -1.4000000000000004,
            "flow_increment": 0.0010437000000000918
          },
          {
            "min_force": 1000,
            "min_flow": 0.54025000000000156,
            "flow_increment": 0.00055024999999997437
          },
          {
            "min_force": 2000,
            "min_flow": 1.1033999999999986,
            "flow_increment": 0.00054670000000012209
          },
          {
            "min_force": 3000,
            "min_flow": -0.34294999999999654,
            "flow_increment": 0.00091235000000011723
          },
          {
            "min_force": 4000,
            "min_flow": 0.54359999999999431,
            "flow_increment": 0.00091589999999985849
          },
          {
            "min_force": 5000,
            "min_flow": 1.4917499999999997,
            "flow_increment": 0.00091235000000011723
          },
          {
            "min_force": 6000,
            "min_flow": 5.6162000000000072,
            "flow_increment": 0.00061770000000027636
          },
          {
            "min_force": 7000,
            "min_flow": 7.1369000000000034,
            "flow_increment": 0.00054670000000012209
          },
          {
            "min_force": 8000,
            "min_flow": 7.2191999999999856,
            "flow_increment": 0.000578650000000458
          },
          {
            "min_force": 9000,
            "min_flow": 2.3992000000000093,
            "flow_increment": 0.0009087999999994878
          }
        ]
      }
    },
    {
      "FileName": "D:\\Users\\F16354C\\OneDrive - CNH Industrial\\Documents\\CNH\\CNH Ind\\CN1 folder\\EVO Data Files\\Harvesting\\071004Q2_HOSCH.cn1\\shared\\4YJIH002.fmd\\4YJIH007.fld\\4YJIH00X.tsh",
      "CalibInput": {
        "mode": "Grain",
        "is_cnh": false,
        "byte_buffer": "XAOCBB0FtwW4BroHuwhpCQMKpgqmC0sA2QCgAF8AdADjAEACMASRBoYEFwHgRwIAoIADADivAwBQYwYA9rsPAN7iMAACEmsAhJvAAB6qlADacigA",
        "crop_id": 0,
        "moisture_percent": 11.50863664587091
      },
      "CalibOutput": {
        "mode": "Grain",
        "crop_id": 0,
        "moisture_percent": 11.50863664587091,
        "crop_weight": 74573.021518574766,
        "sample_flow_0": [
          {
            "min_force": 0,
            "min_flow": -1.4000000000000004,
            "flow_increment": 0.0032487000000001043
          },
          {
            "min_force": 1000,
            "min_flow": 1.7027500000000009,
            "flow_increment": 0.0017127499999998186
          },
          {
            "min_force": 2000,
            "min_flow": 3.4134,
            "flow_increment": 0.0017016999999999172
          },
          {
            "min_force": 3000,
            "min_flow": 5.4395500000000006,
            "flow_increment": 0.0028398500000008653
          },
          {
            "min_force": 4000,
            "min_flow": 8.2836,
            "flow_increment": 0.0028509000000003226
          },
          {
            "min_force": 5000,
            "min_flow": 11.12925,
            "flow_increment": 0.0028398500000008653
          },
          {
            "min_force": 6000,
            "min_flow": 13.446200000000001,
            "flow_increment": 0.0019226999999997219
          },
          {
            "min_force": 7000,
            "min_flow": 15.2219,
            "flow_increment": 0.0017016999999981408
          },
          {
            "min_force": 8000,
            "min_flow": 16.999200000000002,
            "flow_increment": 0.0018011499999985858
          },
          {
            "min_force": 9000,
            "min_flow": 19.6792,
            "flow_increment": 0.0028287999999996316
          }
        ],
        "sample_flow_100": [
          {
            "min_force": 0,
            "min_flow": -1.4000000000000004,
            "flow_increment": 0.0010437000000000918
          },
          {
            "min_force": 1000,
            "min_flow": 0.54025000000000156,
            "flow_increment": 0.00055024999999997437
          },
          {
            "min_force": 2000,
            "min_flow": 1.1033999999999986,
            "flow_increment": 0.00054670000000012209
          },
          {
            "min_force": 3000,
            "min_flow": -0.34294999999999654,
            "flow_increment": 0.00091235000000011723
          },
          {
            "min_force": 4000,
            "min_flow": 0.54359999999999431,
            "flow_increment": 0.00091589999999985849
          },
          {
            "min_force": 5000,
            "min_flow": 1.4917499999999997,
            "flow_increment": 0.00091235000000011723
          },
          {
            "min_force": 6000,
            "min_flow": 5.6162000000000072,
            "flow_increment": 0.00061770000000027636
          },
          {
            "min_force": 7000,
            "min_flow": 7.1369000000000034,
            "flow_increment": 0.00054670000000012209
          },
          {
            "min_force": 8000,
            "min_flow": 7.2191999999999856,
            "flow_increment": 0.000578650000000458
          },
          {
            "min_force": 9000,
            "min_flow": 2.3992000000000093,
            "flow_increment": 0.0009087999999994878
          }
        ]
      }
    },
    {
      "FileName": "D:\\Users\\F16354C\\OneDrive - CNH Industrial\\Documents\\CNH\\CNH Ind\\CN1 folder\\EVO Data Files\\Harvesting\\071004Q2_HOSCH.cn1\\shared\\4YJIH002.fmd\\4YJIH007.fld\\4YJIH00Y.tsh",
      "CalibInput": {
        "mode": "Grain",
        "is_cnh": false,
        "byte_buffer": "XAOCBB0FtwW4BroHuwhpCQMKpgqmC0sAdwBPADIAMQBtAMUASwGSAjYDMwPgMQEAgr0BANbqAQCUmgIAtpsHAL6hEADi6CAASM9LAJatagD6tXoA",
        "crop_id": 0,
        "moisture_percent": 11.984738551626334
      },
      "CalibOutput": {
        "mode": "Grain",
        "crop_id": 0,
        "moisture_percent": 11.984738551626334,
        "crop_weight": 48189.776037904638,
        "sample_flow_0": [
          {
            "min_force": 0,
            "min_flow": -1.4000000000000004,
            "flow_increment": 0.0032487000000001043
          },
          {
            "min_force": 1000,
            "min_flow": 1.7027500000000009,
            "flow_increment": 0.0017127499999998186
          },
          {
            "min_force": 2000,
            "min_flow": 3.4134,
            "flow_increment": 0.0017016999999999172
          },
          {
            "min_force": 3000,
            "min_flow": 5.4395500000000006,
            "flow_increment": 0.0028398500000008653
          },
          {
            "min_force": 4000,
            "min_flow": 8.2836,
            "flow_increment": 0.0028509000000003226
          },
          {
            "min_force": 5000,
            "min_flow": 11.12925,
            "flow_increment": 0.0028398500000008653
          },
          {
            "min_force": 6000,
            "min_flow": 13.446200000000001,
            "flow_increment": 0.0019226999999997219
          },
          {
            "min_force": 7000,
            "min_flow": 15.2219,
            "flow_increment": 0.0017016999999981408
          },
          {
            "min_force": 8000,
            "min_flow": 16.999200000000002,
            "flow_increment": 0.0018011499999985858
          },
          {
            "min_force": 9000,
            "min_flow": 19.6792,
            "flow_increment": 0.0028287999999996316
          }
        ],
        "sample_flow_100": [
          {
            "min_force": 0,
            "min_flow": -1.4000000000000004,
            "flow_increment": 0.0010437000000000918
          },
          {
            "min_force": 1000,
            "min_flow": 0.54025000000000156,
            "flow_increment": 0.00055024999999997437
          },
          {
            "min_force": 2000,
            "min_flow": 1.1033999999999986,
            "flow_increment": 0.00054670000000012209
          },
          {
            "min_force": 3000,
            "min_flow": -0.34294999999999654,
            "flow_increment": 0.00091235000000011723
          },
          {
            "min_force": 4000,
            "min_flow": 0.54359999999999431,
            "flow_increment": 0.00091589999999985849
          },
          {
            "min_force": 5000,
            "min_flow": 1.4917499999999997,
            "flow_increment": 0.00091235000000011723
          },
          {
            "min_force": 6000,
            "min_flow": 5.6162000000000072,
            "flow_increment": 0.00061770000000027636
          },
          {
            "min_force": 7000,
            "min_flow": 7.1369000000000034,
            "flow_increment": 0.00054670000000012209
          },
          {
            "min_force": 8000,
            "min_flow": 7.2191999999999856,
            "flow_increment": 0.000578650000000458
          },
          {
            "min_force": 9000,
            "min_flow": 2.3992000000000093,
            "flow_increment": 0.0009087999999994878
          }
        ]
      }
    },
    {
      "FileName": "D:\\Users\\F16354C\\OneDrive - CNH Industrial\\Documents\\CNH\\CNH Ind\\CN1 folder\\EVO Data Files\\Harvesting\\071004Q2_HOSCH.cn1\\shared\\4YJIH005.fmd\\4YJIH006.fld\\4YJIH00P.tsh",
      "CalibInput": {
        "mode": "Grain",
        "is_cnh": false,
        "byte_buffer": "XAOcBb4GJQhPCXIKJwzcDY4PshAWEjIAngBGAE0AUwBxAI8AXgBsAI0A4RSdPAEAlpcBAH73AgDmfgQAb9YHAHUTDADDUgkAkWkMAOdMEgD8DQ0E",
        "crop_id": 0,
        "moisture_percent": 21.726569468267584
      },
      "CalibOutput": {
        "mode": "Grain",
        "crop_id": 0,
        "moisture_percent": 21.726569468267584,
        "crop_weight": 252155.63122187421,
        "sample_flow_0": [
          {
            "min_force": 0,
            "min_flow": -1.4000000000000004,
            "flow_increment": 0.0061632000000000353
          },
          {
            "min_force": 1000,
            "min_flow": 4.563,
            "flow_increment": 0.0031030000000003
          },
          {
            "min_force": 2000,
            "min_flow": 7.7626000000000017,
            "flow_increment": 0.0038413000000003805
          },
          {
            "min_force": 3000,
            "min_flow": 11.475800000000001,
            "flow_increment": 0.0031886000000014292
          },
          {
            "min_force": 4000,
            "min_flow": 14.644800000000002,
            "flow_increment": 0.003113700000000108
          },
          {
            "min_force": 5000,
            "min_flow": 18.2695,
            "flow_increment": 0.0046758999999987338
          },
          {
            "min_force": 7000,
            "min_flow": 27.606600000000007,
            "flow_increment": 0.0046437999999966451
          },
          {
            "min_force": 8000,
            "min_flow": 31.4552,
            "flow_increment": 0.0031244000000008043
          },
          {
            "min_force": 9000,
            "min_flow": 34.982800000000005,
            "flow_increment": 0.00380919999999918
          }
        ],
        "sample_flow_100": [
          {
            "min_force": 0,
            "min_flow": -1.4000000000000004,
            "flow_increment": 0.0032832000000000416
          },
          {
            "min_force": 1000,
            "min_flow": 3.1129999999999987,
            "flow_increment": 0.0016530000000001266
          },
          {
            "min_force": 2000,
            "min_flow": 4.1726000000000019,
            "flow_increment": 0.0020462999999999454
          },
          {
            "min_force": 3000,
            "min_flow": 7.0058000000000016,
            "flow_increment": 0.0016986000000001056
          },
          {
            "min_force": 4000,
            "min_flow": 8.8248000000000033,
            "flow_increment": 0.001658700000000124
          },
          {
            "min_force": 5000,
            "min_flow": 7.3445000000000089,
            "flow_increment": 0.0024908999999979642
          },
          {
            "min_force": 7000,
            "min_flow": 12.41660000000002,
            "flow_increment": 0.0024737999999970839
          },
          {
            "min_force": 8000,
            "min_flow": 19.775199999999998,
            "flow_increment": 0.0016643999999956805
          },
          {
            "min_force": 9000,
            "min_flow": 18.962799999999994,
            "flow_increment": 0.0020292000000026178
          }
        ]
      }
    },
    {
      "FileName": "D:\\Users\\F16354C\\OneDrive - CNH Industrial\\Documents\\CNH\\CNH Ind\\CN1 folder\\EVO Data Files\\Harvesting\\071004Q2_HOSCH.cn1\\shared\\4YJIH005.fmd\\4YJIH006.fld\\4YJIH00R.tsh",
      "CalibInput": {
        "mode": "Grain",
        "is_cnh": false,
        "byte_buffer": "XAOcBb4GJQhPCXIKJwzcDY4PshAWEjIADQFyAHAAwgDRAJUAnwFxAW0BWihTCQIAu4wCAEY/BACskwoARzYOAAaQDABbRSkApfApAC90LwDUxgoH",
        "crop_id": 0,
        "moisture_percent": 26.815300731742077
      },
      "CalibOutput": {
        "mode": "Grain",
        "crop_id": 0,
        "moisture_percent": 26.815300731742077,
        "crop_weight": 439848.99157360051,
        "sample_flow_0": [
          {
            "min_force": 0,
            "min_flow": -1.4000000000000004,
            "flow_increment": 0.0061632000000000353
          },
          {
            "min_force": 1000,
            "min_flow": 4.563,
            "flow_increment": 0.0031030000000003
          },
          {
            "min_force": 2000,
            "min_flow": 7.7626000000000017,
            "flow_increment": 0.0038413000000003805
          },
          {
            "min_force": 3000,
            "min_flow": 11.475800000000001,
            "flow_increment": 0.0031886000000014292
          },
          {
            "min_force": 4000,
            "min_flow": 14.644800000000002,
            "flow_increment": 0.003113700000000108
          },
          {
            "min_force": 5000,
            "min_flow": 18.2695,
            "flow_increment": 0.0046758999999987338
          },
          {
            "min_force": 7000,
            "min_flow": 27.606600000000007,
            "flow_increment": 0.0046437999999966451
          },
          {
            "min_force": 8000,
            "min_flow": 31.4552,
            "flow_increment": 0.0031244000000008043
          },
          {
            "min_force": 9000,
            "min_flow": 34.982800000000005,
            "flow_increment": 0.00380919999999918
          }
        ],
        "sample_flow_100": [
          {
            "min_force": 0,
            "min_flow": -1.4000000000000004,
            "flow_increment": 0.0032832000000000416
          },
          {
            "min_force": 1000,
            "min_flow": 3.1129999999999987,
            "flow_increment": 0.0016530000000001266
          },
          {
            "min_force": 2000,
            "min_flow": 4.1726000000000019,
            "flow_increment": 0.0020462999999999454
          },
          {
            "min_force": 3000,
            "min_flow": 7.0058000000000016,
            "flow_increment": 0.0016986000000001056
          },
          {
            "min_force": 4000,
            "min_flow": 8.8248000000000033,
            "flow_increment": 0.001658700000000124
          },
          {
            "min_force": 5000,
            "min_flow": 7.3445000000000089,
            "flow_increment": 0.0024908999999979642
          },
          {
            "min_force": 7000,
            "min_flow": 12.41660000000002,
            "flow_increment": 0.0024737999999970839
          },
          {
            "min_force": 8000,
            "min_flow": 19.775199999999998,
            "flow_increment": 0.0016643999999956805
          },
          {
            "min_force": 9000,
            "min_flow": 18.962799999999994,
            "flow_increment": 0.0020292000000026178
          }
        ]
      }
    },
    {
      "FileName": "D:\\Users\\F16354C\\OneDrive - CNH Industrial\\Documents\\CNH\\CNH Ind\\CN1 folder\\EVO Data Files\\Harvesting\\071004Q2_HOSCH.cn1\\shared\\4YJIH006.fmd\\4YJIH008.fld\\4YJIH00Z.tsh",
      "CalibInput": {
        "mode": "Grain",
        "is_cnh": false,
        "byte_buffer": "XAN+BBQFqQW/BtUHagh8CQ4K6Ar3C0sAnAB6AIEAlwCuAfEGBAZBASMACgAUngEAQrICAG4BBQAeGAgAXGYeAPSXlgA8o5YApMsjAO5pBAAGlAEA",
        "crop_id": 0,
        "moisture_percent": 12.198313530088157
      },
      "CalibOutput": {
        "mode": "Grain",
        "crop_id": 0,
        "moisture_percent": 12.198313530088157,
        "crop_weight": 50697.942390729258,
        "sample_flow_0": [
          {
            "min_force": 0,
            "min_flow": -1.4000000000000004,
            "flow_increment": 0.0032045000000000545
          },
          {
            "min_force": 1000,
            "min_flow": 1.6575,
            "flow_increment": 0.0016575000000000895
          },
          {
            "min_force": 2000,
            "min_flow": 3.3129,
            "flow_increment": 0.001646449999999966
          },
          {
            "min_force": 3000,
            "min_flow": 5.3657,
            "flow_increment": 0.0030718999999983509
          },
          {
            "min_force": 5000,
            "min_flow": 10.83225,
            "flow_increment": 0.0016464500000008542
          },
          {
            "min_force": 6000,
            "min_flow": 13.266200000000001,
            "flow_increment": 0.0030276999999969689
          },
          {
            "min_force": 7000,
            "min_flow": 15.353100000000001,
            "flow_increment": 0.0016133000000007058
          },
          {
            "min_force": 8000,
            "min_flow": 17.5712,
            "flow_increment": 0.0024088999999989369
          },
          {
            "min_force": 9000,
            "min_flow": 20.48095,
            "flow_increment": 0.0029945499999968206
          }
        ],
        "sample_flow_100": [
          {
            "min_force": 0,
            "min_flow": -1.4000000000000004,
            "flow_increment": 0.0010295000000000165
          },
          {
            "min_force": 1000,
            "min_flow": 0.5325,
            "flow_increment": 0.00053250000000004682
          },
          {
            "min_force": 2000,
            "min_flow": 1.0778999999999996,
            "flow_increment": 0.00052895000000008352
          },
          {
            "min_force": 3000,
            "min_flow": -0.88929999999999865,
            "flow_increment": 0.00098690000000001277
          },
          {
            "min_force": 5000,
            "min_flow": 5.2447500000000051,
            "flow_increment": 0.00052895000000052761
          },
          {
            "min_force": 6000,
            "min_flow": 0.93619999999999148,
            "flow_increment": 0.00097269999999927137
          },
          {
            "min_force": 7000,
            "min_flow": 7.6880999999999968,
            "flow_increment": 0.00051830000000041565
          },
          {
            "min_force": 8000,
            "min_flow": 4.4912000000000027,
            "flow_increment": 0.00077390000000043813
          },
          {
            "min_force": 9000,
            "min_flow": 2.1884500000000173,
            "flow_increment": 0.00096204999999827123
          }
        ]
      }
    },
    {
      "FileName": "D:\\Users\\F16354C\\OneDrive - CNH Industrial\\Documents\\CNH\\CNH Ind\\CN1 folder\\EVO Data Files\\Harvesting\\071004Q2_HOSCH.cn1\\shared\\4YJIH006.fmd\\4YJIH008.fld\\4YJIH010.tsh",
      "CalibInput": {
        "mode": "Grain",
        "is_cnh": false,
        "byte_buffer": "XAN+BBQFqQW/BtUHagh8CQ4K6Ar3C0sAlQB1AGMAkwANAzEH8AXkAAYAAQCWiwEAGJwCAHDFAwAiFQgA2iY2AFapmwBg+5QA1j8ZALTDAABoJQAA",
        "crop_id": 0,
        "moisture_percent": 12.11779057946459
      },
      "CalibOutput": {
        "mode": "Grain",
        "crop_id": 0,
        "moisture_percent": 12.11779057946459,
        "crop_weight": 52030.1242844261,
        "sample_flow_0": [
          {
            "min_force": 0,
            "min_flow": -1.4000000000000004,
            "flow_increment": 0.0032045000000000545
          },
          {
            "min_force": 1000,
            "min_flow": 1.6575,
            "flow_increment": 0.0016575000000000895
          },
          {
            "min_force": 2000,
            "min_flow": 3.3129,
            "flow_increment": 0.001646449999999966
          },
          {
            "min_force": 3000,
            "min_flow": 5.3657,
            "flow_increment": 0.0030718999999983509
          },
          {
            "min_force": 5000,
            "min_flow": 10.83225,
            "flow_increment": 0.0016464500000008542
          },
          {
            "min_force": 6000,
            "min_flow": 13.266200000000001,
            "flow_increment": 0.0030276999999969689
          },
          {
            "min_force": 7000,
            "min_flow": 15.353100000000001,
            "flow_increment": 0.0016133000000007058
          },
          {
            "min_force": 8000,
            "min_flow": 17.5712,
            "flow_increment": 0.0024088999999989369
          },
          {
            "min_force": 9000,
            "min_flow": 20.48095,
            "flow_increment": 0.0029945499999968206
          }
        ],
        "sample_flow_100": [
          {
            "min_force": 0,
            "min_flow": -1.4000000000000004,
            "flow_increment": 0.0010295000000000165
          },
          {
            "min_force": 1000,
            "min_flow": 0.5325,
            "flow_increment": 0.00053250000000004682
          },
          {
            "min_force": 2000,
            "min_flow": 1.0778999999999996,
            "flow_increment": 0.00052895000000008352
          },
          {
            "min_force": 3000,
            "min_flow": -0.88929999999999865,
            "flow_increment": 0.00098690000000001277
          },
          {
            "min_force": 5000,
            "min_flow": 5.2447500000000051,
            "flow_increment": 0.00052895000000052761
          },
          {
            "min_force": 6000,
            "min_flow": 0.93619999999999148,
            "flow_increment": 0.00097269999999927137
          },
          {
            "min_force": 7000,
            "min_flow": 7.6880999999999968,
            "flow_increment": 0.00051830000000041565
          },
          {
            "min_force": 8000,
            "min_flow": 4.4912000000000027,
            "flow_increment": 0.00077390000000043813
          },
          {
            "min_force": 9000,
            "min_flow": 2.1884500000000173,
            "flow_increment": 0.00096204999999827123
          }
        ]
      }
    },
    {
      "FileName": "D:\\Users\\F16354C\\OneDrive - CNH Industrial\\Documents\\CNH\\CNH Ind\\CN1 folder\\EVO Data Files\\Harvesting\\071004Q2_HOSCH.cn1\\shared\\4YJIH006.fmd\\4YJIH008.fld\\4YJIH011.tsh",
      "CalibInput": {
        "mode": "Grain",
        "is_cnh": false,
        "byte_buffer": "XAN+BBQFqQW/BtUHagh8CQ4K6Ar3C0sANQArACUAKQBDAD8B7QLwAA8AAwDmhQAA1P4AAAJxAQDcOwIA7J4EAGCKGwBqSkoAjp4aAMbsAQAcdAAA",
        "crop_id": 0,
        "moisture_percent": 11.311327939076632
      },
      "CalibOutput": {
        "mode": "Grain",
        "crop_id": 0,
        "moisture_percent": 11.311327939076632,
        "crop_weight": 18532.29203761938,
        "sample_flow_0": [
          {
            "min_force": 0,
            "min_flow": -1.4000000000000004,
            "flow_increment": 0.0032045000000000545
          },
          {
            "min_force": 1000,
            "min_flow": 1.6575,
            "flow_increment": 0.0016575000000000895
          },
          {
            "min_force": 2000,
            "min_flow": 3.3129,
            "flow_increment": 0.001646449999999966
          },
          {
            "min_force": 3000,
            "min_flow": 5.3657,
            "flow_increment": 0.0030718999999983509
          },
          {
            "min_force": 5000,
            "min_flow": 10.83225,
            "flow_increment": 0.0016464500000008542
          },
          {
            "min_force": 6000,
            "min_flow": 13.266200000000001,
            "flow_increment": 0.0030276999999969689
          },
          {
            "min_force": 7000,
            "min_flow": 15.353100000000001,
            "flow_increment": 0.0016133000000007058
          },
          {
            "min_force": 8000,
            "min_flow": 17.5712,
            "flow_increment": 0.0024088999999989369
          },
          {
            "min_force": 9000,
            "min_flow": 20.48095,
            "flow_increment": 0.0029945499999968206
          }
        ],
        "sample_flow_100": [
          {
            "min_force": 0,
            "min_flow": -1.4000000000000004,
            "flow_increment": 0.0010295000000000165
          },
          {
            "min_force": 1000,
            "min_flow": 0.5325,
            "flow_increment": 0.00053250000000004682
          },
          {
            "min_force": 2000,
            "min_flow": 1.0778999999999996,
            "flow_increment": 0.00052895000000008352
          },
          {
            "min_force": 3000,
            "min_flow": -0.88929999999999865,
            "flow_increment": 0.00098690000000001277
          },
          {
            "min_force": 5000,
            "min_flow": 5.2447500000000051,
            "flow_increment": 0.00052895000000052761
          },
          {
            "min_force": 6000,
            "min_flow": 0.93619999999999148,
            "flow_increment": 0.00097269999999927137
          },
          {
            "min_force": 7000,
            "min_flow": 7.6880999999999968,
            "flow_increment": 0.00051830000000041565
          },
          {
            "min_force": 8000,
            "min_flow": 4.4912000000000027,
            "flow_increment": 0.00077390000000043813
          },
          {
            "min_force": 9000,
            "min_flow": 2.1884500000000173,
            "flow_increment": 0.00096204999999827123
          }
        ]
      }
    },
    {
      "FileName": "D:\\Users\\F16354C\\OneDrive - CNH Industrial\\Documents\\CNH\\CNH Ind\\CN1 folder\\EVO Data Files\\Harvesting\\071004Q2_HOSCH.cn1\\shared\\4YJIH007.fmd\\4YJIH009.fld\\4YJIH012.tsh",
      "CalibInput": {
        "mode": "Grain",
        "is_cnh": false,
        "byte_buffer": "XAN+BBQFqQW/BtUHagh8CQ4K6Ar3C0sA2wCwANUAUAHMAWUFSA7QClMCTwAWQwIAbOwDABhFCAB6+REA8u8fALLHdQDMGm0BpHU4Aej8SwDwQgsA",
        "crop_id": 0,
        "moisture_percent": 12.571006759160444
      },
      "CalibOutput": {
        "mode": "Grain",
        "crop_id": 0,
        "moisture_percent": 12.571006759160444,
        "crop_weight": 123955.95967751037,
        "sample_flow_0": [
          {
            "min_force": 0,
            "min_flow": -1.4000000000000004,
            "flow_increment": 0.0032045000000000545
          },
          {
            "min_force": 1000,
            "min_flow": 1.6575,
            "flow_increment": 0.0016575000000000895
          },
          {
            "min_force": 2000,
            "min_flow": 3.3129,
            "flow_increment": 0.001646449999999966
          },
          {
            "min_force": 3000,
            "min_flow": 5.3657,
            "flow_increment": 0.0030718999999983509
          },
          {
            "min_force": 5000,
            "min_flow": 10.83225,
            "flow_increment": 0.0016464500000008542
          },
          {
            "min_force": 6000,
            "min_flow": 13.266200000000001,
            "flow_increment": 0.0030276999999969689
          },
          {
            "min_force": 7000,
            "min_flow": 15.353100000000001,
            "flow_increment": 0.0016133000000007058
          },
          {
            "min_force": 8000,
            "min_flow": 17.5712,
            "flow_increment": 0.0024088999999989369
          },
          {
            "min_force": 9000,
            "min_flow": 20.48095,
            "flow_increment": 0.0029945499999968206
          }
        ],
        "sample_flow_100": [
          {
            "min_force": 0,
            "min_flow": -1.4000000000000004,
            "flow_increment": 0.0010295000000000165
          },
          {
            "min_force": 1000,
            "min_flow": 0.5325,
            "flow_increment": 0.00053250000000004682
          },
          {
            "min_force": 2000,
            "min_flow": 1.0778999999999996,
            "flow_increment": 0.00052895000000008352
          },
          {
            "min_force": 3000,
            "min_flow": -0.88929999999999865,
            "flow_increment": 0.00098690000000001277
          },
          {
            "min_force": 5000,
            "min_flow": 5.2447500000000051,
            "flow_increment": 0.00052895000000052761
          },
          {
            "min_force": 6000,
            "min_flow": 0.93619999999999148,
            "flow_increment": 0.00097269999999927137
          },
          {
            "min_force": 7000,
            "min_flow": 7.6880999999999968,
            "flow_increment": 0.00051830000000041565
          },
          {
            "min_force": 8000,
            "min_flow": 4.4912000000000027,
            "flow_increment": 0.00077390000000043813
          },
          {
            "min_force": 9000,
            "min_flow": 2.1884500000000173,
            "flow_increment": 0.00096204999999827123
          }
        ]
      }
    },
    {
      "FileName": "D:\\Users\\F16354C\\OneDrive - CNH Industrial\\Documents\\CNH\\CNH Ind\\CN1 folder\\EVO Data Files\\Harvesting\\071004Q2_HOSCH.cn1\\shared\\4YJIH007.fmd\\4YJIH009.fld\\4YJIH014.tsh",
      "CalibInput": {
        "mode": "Grain",
        "is_cnh": false,
        "byte_buffer": "XAN+BBQFqQW/BtUHagh8CQ4K6Ar3C0sAHgAWAAoAEABJANECkgflBGMBgQB4UAAA+HYAAEhgAABO2wAADiUFAObxPQCQvMAAlC+OABBJLQC6phMA",
        "crop_id": 0,
        "moisture_percent": 12.695872313075771
      },
      "CalibOutput": {
        "mode": "Grain",
        "crop_id": 0,
        "moisture_percent": 12.695872313075771,
        "crop_weight": 61741.753077100919,
        "sample_flow_0": [
          {
            "min_force": 0,
            "min_flow": -1.4000000000000004,
            "flow_increment": 0.0032045000000000545
          },
          {
            "min_force": 1000,
            "min_flow": 1.6575,
            "flow_increment": 0.0016575000000000895
          },
          {
            "min_force": 2000,
            "min_flow": 3.3129,
            "flow_increment": 0.001646449999999966
          },
          {
            "min_force": 3000,
            "min_flow": 5.3657,
            "flow_increment": 0.0030718999999983509
          },
          {
            "min_force": 5000,
            "min_flow": 10.83225,
            "flow_increment": 0.0016464500000008542
          },
          {
            "min_force": 6000,
            "min_flow": 13.266200000000001,
            "flow_increment": 0.0030276999999969689
          },
          {
            "min_force": 7000,
            "min_flow": 15.353100000000001,
            "flow_increment": 0.0016133000000007058
          },
          {
            "min_force": 8000,
            "min_flow": 17.5712,
            "flow_increment": 0.0024088999999989369
          },
          {
            "min_force": 9000,
            "min_flow": 20.48095,
            "flow_increment": 0.0029945499999968206
          }
        ],
        "sample_flow_100": [
          {
            "min_force": 0,
            "min_flow": -1.4000000000000004,
            "flow_increment": 0.0010295000000000165
          },
          {
            "min_force": 1000,
            "min_flow": 0.5325,
            "flow_increment": 0.00053250000000004682
          },
          {
            "min_force": 2000,
            "min_flow": 1.0778999999999996,
            "flow_increment": 0.00052895000000008352
          },
          {
            "min_force": 3000,
            "min_flow": -0.88929999999999865,
            "flow_increment": 0.00098690000000001277
          },
          {
            "min_force": 5000,
            "min_flow": 5.2447500000000051,
            "flow_increment": 0.00052895000000052761
          },
          {
            "min_force": 6000,
            "min_flow": 0.93619999999999148,
            "flow_increment": 0.00097269999999927137
          },
          {
            "min_force": 7000,
            "min_flow": 7.6880999999999968,
            "flow_increment": 0.00051830000000041565
          },
          {
            "min_force": 8000,
            "min_flow": 4.4912000000000027,
            "flow_increment": 0.00077390000000043813
          },
          {
            "min_force": 9000,
            "min_flow": 2.1884500000000173,
            "flow_increment": 0.00096204999999827123
          }
        ]
      }
    },
    {
      "FileName": "D:\\Users\\F16354C\\OneDrive - CNH Industrial\\Documents\\CNH\\CNH Ind\\CN1 folder\\EVO Data Files\\Harvesting\\071004Q2_HOSCH.cn1\\shared\\4YJIH007.fmd\\4YJIH009.fld\\4YJIH015.tsh",
      "CalibInput": {
        "mode": "Grain",
        "is_cnh": false,
        "byte_buffer": "XAN+BBQFqQW/BtUHagh8CQ4K6Ar3C0sAEwANAB0AKAAqAPIA4ALTA3kBZwBAMwAASEsAAAwhAQD4IQIAJugCAFrJFABCqEkAcK9vAKj+LwAkdA8A",
        "crop_id": 0,
        "moisture_percent": 12.316402564412726
      },
      "CalibOutput": {
        "mode": "Grain",
        "crop_id": 0,
        "moisture_percent": 12.316402564412726,
        "crop_weight": 36450.712341091195,
        "sample_flow_0": [
          {
            "min_force": 0,
            "min_flow": -1.4000000000000004,
            "flow_increment": 0.0032045000000000545
          },
          {
            "min_force": 1000,
            "min_flow": 1.6575,
            "flow_increment": 0.0016575000000000895
          },
          {
            "min_force": 2000,
            "min_flow": 3.3129,
            "flow_increment": 0.001646449999999966
          },
          {
            "min_force": 3000,
            "min_flow": 5.3657,
            "flow_increment": 0.0030718999999983509
          },
          {
            "min_force": 5000,
            "min_flow": 10.83225,
            "flow_increment": 0.0016464500000008542
          },
          {
            "min_force": 6000,
            "min_flow": 13.266200000000001,
            "flow_increment": 0.0030276999999969689
          },
          {
            "min_force": 7000,
            "min_flow": 15.353100000000001,
            "flow_increment": 0.0016133000000007058
          },
          {
            "min_force": 8000,
            "min_flow": 17.5712,
            "flow_increment": 0.0024088999999989369
          },
          {
            "min_force": 9000,
            "min_flow": 20.48095,
            "flow_increment": 0.0029945499999968206
          }
        ],
        "sample_flow_100": [
          {
            "min_force": 0,
            "min_flow": -1.4000000000000004,
            "flow_increment": 0.0010295000000000165
          },
          {
            "min_force": 1000,
            "min_flow": 0.5325,
            "flow_increment": 0.00053250000000004682
          },
          {
            "min_force": 2000,
            "min_flow": 1.0778999999999996,
            "flow_increment": 0.00052895000000008352
          },
          {
            "min_force": 3000,
            "min_flow": -0.88929999999999865,
            "flow_increment": 0.00098690000000001277
          },
          {
            "min_force": 5000,
            "min_flow": 5.2447500000000051,
            "flow_increment": 0.00052895000000052761
          },
          {
            "min_force": 6000,
            "min_flow": 0.93619999999999148,
            "flow_increment": 0.00097269999999927137
          },
          {
            "min_force": 7000,
            "min_flow": 7.6880999999999968,
            "flow_increment": 0.00051830000000041565
          },
          {
            "min_force": 8000,
            "min_flow": 4.4912000000000027,
            "flow_increment": 0.00077390000000043813
          },
          {
            "min_force": 9000,
            "min_flow": 2.1884500000000173,
            "flow_increment": 0.00096204999999827123
          }
        ]
      }
    },
    {
      "FileName": "D:\\Users\\F16354C\\OneDrive - CNH Industrial\\Documents\\CNH\\CNH Ind\\CN1 folder\\EVO Data Files\\Harvesting\\071004Q2_HOSCH.cn1\\shared\\4YJIH007.fmd\\4YJIH009.fld\\4YJIH016.tsh",
      "CalibInput": {
        "mode": "Grain",
        "is_cnh": false,
        "byte_buffer": "XAN+BBQFqQW/BtUHagh8CQ4K6Ar3C0sA5AChAPEATQNkCCoM/QqrBtsBZgAwbgIATo4DAIxbCQD8Gi8ABsGUAFLcBAEYchYB0ovBAOSMPABqEw8A",
        "crop_id": 0,
        "moisture_percent": 12.030656813086441
      },
      "CalibOutput": {
        "mode": "Grain",
        "crop_id": 0,
        "moisture_percent": 12.030656813086441,
        "crop_weight": 132775.26826810694,
        "sample_flow_0": [
          {
            "min_force": 0,
            "min_flow": -1.4000000000000004,
            "flow_increment": 0.0032045000000000545
          },
          {
            "min_force": 1000,
            "min_flow": 1.6575,
            "flow_increment": 0.0016575000000000895
          },
          {
            "min_force": 2000,
            "min_flow": 3.3129,
            "flow_increment": 0.001646449999999966
          },
          {
            "min_force": 3000,
            "min_flow": 5.3657,
            "flow_increment": 0.0030718999999983509
          },
          {
            "min_force": 5000,
            "min_flow": 10.83225,
            "flow_increment": 0.0016464500000008542
          },
          {
            "min_force": 6000,
            "min_flow": 13.266200000000001,
            "flow_increment": 0.0030276999999969689
          },
          {
            "min_force": 7000,
            "min_flow": 15.353100000000001,
            "flow_increment": 0.0016133000000007058
          },
          {
            "min_force": 8000,
            "min_flow": 17.5712,
            "flow_increment": 0.0024088999999989369
          },
          {
            "min_force": 9000,
            "min_flow": 20.48095,
            "flow_increment": 0.0029945499999968206
          }
        ],
        "sample_flow_100": [
          {
            "min_force": 0,
            "min_flow": -1.4000000000000004,
            "flow_increment": 0.0010295000000000165
          },
          {
            "min_force": 1000,
            "min_flow": 0.5325,
            "flow_increment": 0.00053250000000004682
          },
          {
            "min_force": 2000,
            "min_flow": 1.0778999999999996,
            "flow_increment": 0.00052895000000008352
          },
          {
            "min_force": 3000,
            "min_flow": -0.88929999999999865,
            "flow_increment": 0.00098690000000001277
          },
          {
            "min_force": 5000,
            "min_flow": 5.2447500000000051,
            "flow_increment": 0.00052895000000052761
          },
          {
            "min_force": 6000,
            "min_flow": 0.93619999999999148,
            "flow_increment": 0.00097269999999927137
          },
          {
            "min_force": 7000,
            "min_flow": 7.6880999999999968,
            "flow_increment": 0.00051830000000041565
          },
          {
            "min_force": 8000,
            "min_flow": 4.4912000000000027,
            "flow_increment": 0.00077390000000043813
          },
          {
            "min_force": 9000,
            "min_flow": 2.1884500000000173,
            "flow_increment": 0.00096204999999827123
          }
        ]
      }
    }
  ]
}