<?xml version="1.0" encoding="UTF-8"?>
<XFC >
	<PDT A="PDT-0" B="TC Other 1" C="PGP-0" D="VPN-0" E="004B" F="1" G="0" H="0" P094_Product_Form_Supply="0" P094_Product_Usage="0" P094_Product_Rate1Value="0.000350000" P094_Product_DeltaRateValue="0.000000000" P094_Product_MinRateValue="0.000000000" P094_Product_MaxRateValue="0.035000000" P094_Product_PackageSizeValue="0.000000000" P094_Product_PackageUnits="0" P094_Product_EPANumberValue="" P094_Product_Manufacturer="" P094_Product_RestrictedUse="0" P094_Posting_Required="0" P094_Product_BufferDistanceValue="0.000000000" P094_Product_MaxWindSpeed="0.000000000" P094_Locked="0" P094_Percent_FormulaMix="0" P094_FormLock="1" P094_UsageLock="0" P094_IsModified="1" P094_RxScaleFactor="1.000000000" />
	<PDT A="PDT-1" B="TC Liquid 1" C="PGP-0" D="VPN-1" E="0048" F="1" G="0" H="0" P094_Product_Form_Supply="2" P094_Product_Usage="0" P094_Product_Rate1Value="0.001000000" P094_Product_DeltaRateValue="0.000000000" P094_Product_MinRateValue="0.000000000" P094_Product_MaxRateValue="0.100000000" P094_Product_PackageSizeValue="0.000000000" P094_Product_PackageUnits="0" P094_Product_EPANumberValue="" P094_Product_Manufacturer="" P094_Product_RestrictedUse="0" P094_Posting_Required="0" P094_Product_BufferDistanceValue="0.000000000" P094_Product_MaxWindSpeed="0.000000000" P094_Locked="0" P094_Percent_FormulaMix="0" P094_FormLock="0" P094_UsageLock="0" P094_IsModified="1" P094_RxScaleFactor="1.000000000" />
	<PDT A="PDT-2" B="TC Seeds 1" C="PGP-1" />
	<PDT A="PDT-3" B="TC Other 2" C="PGP-0" D="VPN-2" E="004B" F="1" G="0" H="0" P094_Product_Form_Supply="0" P094_Product_Usage="0" P094_Product_Rate1Value="0.000350000" P094_Product_DeltaRateValue="0.000000000" P094_Product_MinRateValue="0.000000000" P094_Product_MaxRateValue="0.035000000" P094_Product_PackageSizeValue="0.000000000" P094_Product_PackageUnits="0" P094_Product_EPANumberValue="" P094_Product_Manufacturer="" P094_Product_RestrictedUse="0" P094_Posting_Required="0" P094_Product_BufferDistanceValue="0.000000000" P094_Product_MaxWindSpeed="0.000000000" P094_Locked="0" P094_Percent_FormulaMix="0" P094_FormLock="1" P094_UsageLock="0" P094_IsModified="1" P094_RxScaleFactor="1.000000000" />
	<PDT A="PDT-4" B="TC Liquid 2" C="PGP-0" D="VPN-3" E="0048" F="1" G="0" H="0" P094_Product_Form_Supply="2" P094_Product_Usage="0" P094_Product_Rate1Value="0.001000000" P094_Product_DeltaRateValue="0.000000000" P094_Product_MinRateValue="0.000000000" P094_Product_MaxRateValue="0.100000000" P094_Product_PackageSizeValue="0.000000000" P094_Product_PackageUnits="0" P094_Product_EPANumberValue="" P094_Product_Manufacturer="" P094_Product_RestrictedUse="0" P094_Posting_Required="0" P094_Product_BufferDistanceValue="0.000000000" P094_Product_MaxWindSpeed="0.000000000" P094_Locked="0" P094_Percent_FormulaMix="0" P094_FormLock="0" P094_UsageLock="0" P094_IsModified="1" P094_RxScaleFactor="1.000000000" />
	<PDT A="PDT-5" B="TC Seeds 2" C="PGP-1" />
	<PDT A="PDT-6" B="TC Other 3" C="PGP-0" D="VPN-4" E="004B" F="1" G="0" H="0" P094_Product_Form_Supply="0" P094_Product_Usage="0" P094_Product_Rate1Value="0.000350000" P094_Product_DeltaRateValue="0.000000000" P094_Product_MinRateValue="0.000000000" P094_Product_MaxRateValue="0.035000000" P094_Product_PackageSizeValue="0.000000000" P094_Product_PackageUnits="0" P094_Product_EPANumberValue="" P094_Product_Manufacturer="" P094_Product_RestrictedUse="0" P094_Posting_Required="0" P094_Product_BufferDistanceValue="0.000000000" P094_Product_MaxWindSpeed="0.000000000" P094_Locked="0" P094_Percent_FormulaMix="0" P094_FormLock="1" P094_UsageLock="0" P094_IsModified="1" P094_RxScaleFactor="1.000000000" />
	<PDT A="PDT-7" B="TC Liquid 3" C="PGP-0" D="VPN-5" E="0048" F="1" G="0" H="0" P094_Product_Form_Supply="2" P094_Product_Usage="0" P094_Product_Rate1Value="0.001000000" P094_Product_DeltaRateValue="0.000000000" P094_Product_MinRateValue="0.000000000" P094_Product_MaxRateValue="0.100000000" P094_Product_PackageSizeValue="0.000000000" P094_Product_PackageUnits="0" P094_Product_EPANumberValue="" P094_Product_Manufacturer="" P094_Product_RestrictedUse="0" P094_Posting_Required="0" P094_Product_BufferDistanceValue="0.000000000" P094_Product_MaxWindSpeed="0.000000000" P094_Locked="0" P094_Percent_FormulaMix="0" P094_FormLock="0" P094_UsageLock="0" P094_IsModified="1" P094_RxScaleFactor="1.000000000" />
	<PDT A="PDT-8" B="TC Seeds 3" C="PGP-1" />
	<PDT A="PDT-9" B="TC Other 4" C="PGP-0" D="VPN-6" E="004B" F="1" G="0" H="0" P094_Product_Form_Supply="0" P094_Product_Usage="0" P094_Product_Rate1Value="0.000350000" P094_Product_DeltaRateValue="0.000000000" P094_Product_MinRateValue="0.000000000" P094_Product_MaxRateValue="0.035000000" P094_Product_PackageSizeValue="0.000000000" P094_Product_PackageUnits="0" P094_Product_EPANumberValue="" P094_Product_Manufacturer="" P094_Product_RestrictedUse="0" P094_Posting_Required="0" P094_Product_BufferDistanceValue="0.000000000" P094_Product_MaxWindSpeed="0.000000000" P094_Locked="0" P094_Percent_FormulaMix="0" P094_FormLock="1" P094_UsageLock="0" P094_IsModified="1" P094_RxScaleFactor="1.000000000" />
	<PDT A="PDT-10" B="TC Liquid 4" C="PGP-0" D="VPN-7" E="0048" F="1" G="0" H="0" P094_Product_Form_Supply="2" P094_Product_Usage="0" P094_Product_Rate1Value="0.001000000" P094_Product_DeltaRateValue="0.000000000" P094_Product_MinRateValue="0.000000000" P094_Product_MaxRateValue="0.100000000" P094_Product_PackageSizeValue="0.000000000" P094_Product_PackageUnits="0" P094_Product_EPANumberValue="" P094_Product_Manufacturer="" P094_Product_RestrictedUse="0" P094_Posting_Required="0" P094_Product_BufferDistanceValue="0.000000000" P094_Product_MaxWindSpeed="0.000000000" P094_Locked="0" P094_Percent_FormulaMix="0" P094_FormLock="0" P094_UsageLock="0" P094_IsModified="1" P094_RxScaleFactor="1.000000000" />
	<PDT A="PDT-11" B="TC Seeds 4" C="PGP-1" />
	<PDT A="PDT-12" B="TC Other 5" C="PGP-0" D="VPN-8" E="004B" F="1" G="0" H="0" P094_Product_Form_Supply="0" P094_Product_Usage="0" P094_Product_Rate1Value="0.000350000" P094_Product_DeltaRateValue="0.000000000" P094_Product_MinRateValue="0.000000000" P094_Product_MaxRateValue="0.035000000" P094_Product_PackageSizeValue="0.000000000" P094_Product_PackageUnits="0" P094_Product_EPANumberValue="" P094_Product_Manufacturer="" P094_Product_RestrictedUse="0" P094_Posting_Required="0" P094_Product_BufferDistanceValue="0.000000000" P094_Product_MaxWindSpeed="0.000000000" P094_Locked="0" P094_Percent_FormulaMix="0" P094_FormLock="0" P094_UsageLock="0" P094_IsModified="1" P094_RxScaleFactor="1.000000000" />
	<PDT A="PDT-13" B="TC Liquid 5" C="PGP-0" D="VPN-9" E="0048" F="1" G="0" H="0" P094_Product_Form_Supply="2" P094_Product_Usage="0" P094_Product_Rate1Value="0.001000000" P094_Product_DeltaRateValue="0.000000000" P094_Product_MinRateValue="0.000000000" P094_Product_MaxRateValue="0.100000000" P094_Product_PackageSizeValue="0.000000000" P094_Product_PackageUnits="0" P094_Product_EPANumberValue="" P094_Product_Manufacturer="" P094_Product_RestrictedUse="0" P094_Posting_Required="0" P094_Product_BufferDistanceValue="0.000000000" P094_Product_MaxWindSpeed="0.000000000" P094_Locked="0" P094_Percent_FormulaMix="0" P094_FormLock="0" P094_UsageLock="0" P094_IsModified="1" P094_RxScaleFactor="1.000000000" />
	<PDT A="PDT-14" B="TC Seeds 5" C="PGP-1" />
	<PDT A="PDT-15" B="TC Other 6" C="PGP-0" D="VPN-10" E="004B" F="1" G="0" H="0" P094_Product_Form_Supply="0" P094_Product_Usage="0" P094_Product_Rate1Value="0.000350000" P094_Product_DeltaRateValue="0.000000000" P094_Product_MinRateValue="0.000000000" P094_Product_MaxRateValue="0.035000000" P094_Product_PackageSizeValue="0.000000000" P094_Product_PackageUnits="0" P094_Product_EPANumberValue="" P094_Product_Manufacturer="" P094_Product_RestrictedUse="0" P094_Posting_Required="0" P094_Product_BufferDistanceValue="0.000000000" P094_Product_MaxWindSpeed="0.000000000" P094_Locked="0" P094_Percent_FormulaMix="0" P094_FormLock="0" P094_UsageLock="0" P094_IsModified="1" P094_RxScaleFactor="1.000000000" />
	<PDT A="PDT-16" B="TC Liquid 6" C="PGP-0" D="VPN-11" E="0048" F="1" G="0" H="0" P094_Product_Form_Supply="2" P094_Product_Usage="0" P094_Product_Rate1Value="0.001000000" P094_Product_DeltaRateValue="0.000000000" P094_Product_MinRateValue="0.000000000" P094_Product_MaxRateValue="0.100000000" P094_Product_PackageSizeValue="0.000000000" P094_Product_PackageUnits="0" P094_Product_EPANumberValue="" P094_Product_Manufacturer="" P094_Product_RestrictedUse="0" P094_Posting_Required="0" P094_Product_BufferDistanceValue="0.000000000" P094_Product_MaxWindSpeed="0.000000000" P094_Locked="0" P094_Percent_FormulaMix="0" P094_FormLock="0" P094_UsageLock="0" P094_IsModified="1" P094_RxScaleFactor="1.000000000" />
	<PDT A="PDT-17" B="TC Seeds 6" C="PGP-1" />
	<PDT A="PDT-18" B="TC Other 7" C="PGP-0" D="VPN-12" E="004B" F="1" G="0" H="0" P094_Product_Form_Supply="0" P094_Product_Usage="0" P094_Product_Rate1Value="0.000350000" P094_Product_DeltaRateValue="0.000000000" P094_Product_MinRateValue="0.000000000" P094_Product_MaxRateValue="0.035000000" P094_Product_PackageSizeValue="0.000000000" P094_Product_PackageUnits="0" P094_Product_EPANumberValue="" P094_Product_Manufacturer="" P094_Product_RestrictedUse="0" P094_Posting_Required="0" P094_Product_BufferDistanceValue="0.000000000" P094_Product_MaxWindSpeed="0.000000000" P094_Locked="0" P094_Percent_FormulaMix="0" P094_FormLock="0" P094_UsageLock="0" P094_IsModified="1" P094_RxScaleFactor="1.000000000" />
	<PDT A="PDT-19" B="TC Liquid 7" C="PGP-0" D="VPN-13" E="0048" F="1" G="0" H="0" P094_Product_Form_Supply="2" P094_Product_Usage="0" P094_Product_Rate1Value="0.001000000" P094_Product_DeltaRateValue="0.000000000" P094_Product_MinRateValue="0.000000000" P094_Product_MaxRateValue="0.100000000" P094_Product_PackageSizeValue="0.000000000" P094_Product_PackageUnits="0" P094_Product_EPANumberValue="" P094_Product_Manufacturer="" P094_Product_RestrictedUse="0" P094_Posting_Required="0" P094_Product_BufferDistanceValue="0.000000000" P094_Product_MaxWindSpeed="0.000000000" P094_Locked="0" P094_Percent_FormulaMix="0" P094_FormLock="0" P094_UsageLock="0" P094_IsModified="1" P094_RxScaleFactor="1.000000000" />
	<PDT A="PDT-20" B="TC Seeds 7" C="PGP-1" />
	<PDT A="PDT-21" B="P1365AMX (113 day)" C="PGP-2" />
</XFC>
