<?xml version="1.0" encoding="UTF-8"?>
<XFC >
	<CTP A="CTP-0" B="Corn" C="PGP-0" >
		<CVT A="CVT-0" B="CORN1234" />
		<CVT A="CVT-1" B="CORN2345" />
		<CVT A="CVT-2" B="CORN3456" />
		<CVT A="CVT-10" B="P1365AMX (113 day)" />
		<CVT A="CVT-11" B="CORN4567" />
	</CTP>
	<CTP A="CTP-1" B="Clover-White" C="PGP-3" >
		<CVT A="CVT-3" B="TC Seeds 1" />
		<CVT A="CVT-4" B="TC Seeds 2" />
		<CVT A="CVT-5" B="TC Seeds 3" />
		<CVT A="CVT-6" B="TC Seeds 4" />
		<CVT A="CVT-7" B="TC Seeds 5" />
		<CVT A="CVT-8" B="TC Seeds 6" />
		<CVT A="CVT-9" B="TC Seeds 7" />
	</CTP>
</XFC>
