<?xml version="1.0" encoding="UTF-8"?>
<XFC >
	<DVC A="DVC-4" B="3UE39" C="V31.5.13.0" D="00035951324E364E" E="3UE39000" F="00000000000000" G="FF000000000000" >
		<DET A="DET-13" B="1" C="1" D="Device" E="0" F="0" >
			<DOR A="2" />
			<DOR A="3" />
			<DOR A="4" />
		</DET>
		<DPD A="2" B="008D" C="1" D="8" E="Device Work State" />
		<DPT A="3" B="0046" C="12200" D="Device Maximum Width" />
		<DPT A="4" B="0043" C="12200" D="Device Actual Width" />
		<DET A="DET-14" B="5" C="2" D="Boom 1" E="1" F="1" >
			<DOR A="6" />
			<DOR A="7" />
			<DOR A="8" />
			<DOR A="9" />
			<DOR A="10" />
			<DOR A="11" />
		</DET>
		<DPD A="6" B="008D" C="1" D="8" E="Boom 1 Work State" />
		<DPD A="7" B="000C" C="1" D="8" E="Boom 1 Applied Count Per Area" />
		<DPT A="8" B="0086" C="-3050" D="Boom 1 Forward Offset" />
		<DPT A="9" B="0043" C="6100" D="Boom 1 Actual Width" />
		<DPT A="10" B="0046" C="6100" D="Boom 1 Maximum Width" />
		<DPT A="11" B="0087" C="-3050" D="Boom 1 Right Offset" />
		<DET A="DET-15" B="12" C="2" D="Boom 2" E="2" F="1" >
			<DOR A="13" />
			<DOR A="14" />
			<DOR A="15" />
			<DOR A="16" />
			<DOR A="17" />
			<DOR A="18" />
		</DET>
		<DPD A="13" B="008D" C="1" D="8" E="Boom 2 Work State" />
		<DPD A="14" B="0007" C="1" D="8" E="Boom 2 Applied Mass Per Area" />
		<DPT A="15" B="0086" C="-3050" D="Boom 2 Forward Offset" />
		<DPT A="16" B="0043" C="6100" D="Boom 2 Actual Width" />
		<DPT A="17" B="0046" C="6100" D="Boom 2 Maximum Width" />
		<DPT A="18" B="0087" C="3050" D="Boom 2 Right Offset" />
		<DET A="DET-16" B="19" C="2" D="Boom 3" E="3" F="1" >
			<DOR A="20" />
			<DOR A="21" />
			<DOR A="22" />
			<DOR A="23" />
			<DOR A="24" />
			<DOR A="25" />
		</DET>
		<DPD A="20" B="008D" C="1" D="8" E="Boom 3 Work State" />
		<DPD A="21" B="0007" C="1" D="8" E="Boom 3 Applied Mass Per Area" />
		<DPT A="22" B="0086" C="-5" D="Boom 3 Forward Offset" />
		<DPT A="23" B="0043" C="12190" D="Boom 3 Actual Width" />
		<DPT A="24" B="0046" C="12190" D="Boom 3 Maximum Width" />
		<DPT A="25" B="0087" C="-5" D="Boom 3 Right Offset" />
	</DVC>
	<DVC A="DVC-3" B="3UE39" C="V31.5.13.0" D="0003304157393937" E="3UE39000" F="00000000000000" G="FF000000000000" >
		<DET A="DET-9" B="1" C="1" D="Device" E="0" F="0" >
			<DOR A="2" />
			<DOR A="3" />
			<DOR A="4" />
		</DET>
		<DPD A="2" B="008D" C="1" D="8" E="Device Work State" />
		<DPT A="3" B="0046" C="12200" D="Device Maximum Width" />
		<DPT A="4" B="0043" C="12200" D="Device Actual Width" />
		<DET A="DET-10" B="5" C="2" D="Boom 1" E="1" F="1" >
			<DOR A="6" />
			<DOR A="7" />
			<DOR A="8" />
			<DOR A="9" />
			<DOR A="10" />
			<DOR A="11" />
		</DET>
		<DPD A="6" B="008D" C="1" D="8" E="Boom 1 Work State" />
		<DPD A="7" B="000C" C="1" D="8" E="Boom 1 Applied Count Per Area" />
		<DPT A="8" B="0086" C="-3050" D="Boom 1 Forward Offset" />
		<DPT A="9" B="0043" C="6100" D="Boom 1 Actual Width" />
		<DPT A="10" B="0046" C="6100" D="Boom 1 Maximum Width" />
		<DPT A="11" B="0087" C="-3050" D="Boom 1 Right Offset" />
		<DET A="DET-11" B="12" C="2" D="Boom 2" E="2" F="1" >
			<DOR A="13" />
			<DOR A="14" />
			<DOR A="15" />
			<DOR A="16" />
			<DOR A="17" />
			<DOR A="18" />
		</DET>
		<DPD A="13" B="008D" C="1" D="8" E="Boom 2 Work State" />
		<DPD A="14" B="0007" C="1" D="8" E="Boom 2 Applied Mass Per Area" />
		<DPT A="15" B="0086" C="-3050" D="Boom 2 Forward Offset" />
		<DPT A="16" B="0043" C="6100" D="Boom 2 Actual Width" />
		<DPT A="17" B="0046" C="6100" D="Boom 2 Maximum Width" />
		<DPT A="18" B="0087" C="3050" D="Boom 2 Right Offset" />
		<DET A="DET-12" B="19" C="2" D="Boom 3" E="3" F="1" >
			<DOR A="20" />
			<DOR A="21" />
			<DOR A="22" />
			<DOR A="23" />
			<DOR A="24" />
			<DOR A="25" />
		</DET>
		<DPD A="20" B="008D" C="1" D="8" E="Boom 3 Work State" />
		<DPD A="21" B="0007" C="1" D="8" E="Boom 3 Applied Mass Per Area" />
		<DPT A="22" B="0086" C="-5" D="Boom 3 Forward Offset" />
		<DPT A="23" B="0043" C="12190" D="Boom 3 Actual Width" />
		<DPT A="24" B="0046" C="12190" D="Boom 3 Maximum Width" />
		<DPT A="25" B="0087" C="-5" D="Boom 3 Right Offset" />
	</DVC>
	<DVC A="DVC-2" B="3UE39" C="V31.5.13.0" D="00034751324E364E" E="3UE39000" F="00000000000000" G="FF000000000000" >
		<DET A="DET-5" B="1" C="1" D="Device" E="0" F="0" >
			<DOR A="2" />
			<DOR A="3" />
			<DOR A="4" />
		</DET>
		<DPD A="2" B="008D" C="1" D="8" E="Device Work State" />
		<DPT A="3" B="0046" C="12200" D="Device Maximum Width" />
		<DPT A="4" B="0043" C="12200" D="Device Actual Width" />
		<DET A="DET-6" B="5" C="2" D="Boom 1" E="1" F="1" >
			<DOR A="6" />
			<DOR A="7" />
			<DOR A="8" />
			<DOR A="9" />
			<DOR A="10" />
			<DOR A="11" />
		</DET>
		<DPD A="6" B="008D" C="1" D="8" E="Boom 1 Work State" />
		<DPD A="7" B="000C" C="1" D="8" E="Boom 1 Applied Count Per Area" />
		<DPT A="8" B="0086" C="-3050" D="Boom 1 Forward Offset" />
		<DPT A="9" B="0043" C="6100" D="Boom 1 Actual Width" />
		<DPT A="10" B="0046" C="6100" D="Boom 1 Maximum Width" />
		<DPT A="11" B="0087" C="-3050" D="Boom 1 Right Offset" />
		<DET A="DET-7" B="12" C="2" D="Boom 2" E="2" F="1" >
			<DOR A="13" />
			<DOR A="14" />
			<DOR A="15" />
			<DOR A="16" />
			<DOR A="17" />
			<DOR A="18" />
		</DET>
		<DPD A="13" B="008D" C="1" D="8" E="Boom 2 Work State" />
		<DPD A="14" B="0007" C="1" D="8" E="Boom 2 Applied Mass Per Area" />
		<DPT A="15" B="0086" C="-3050" D="Boom 2 Forward Offset" />
		<DPT A="16" B="0043" C="6100" D="Boom 2 Actual Width" />
		<DPT A="17" B="0046" C="6100" D="Boom 2 Maximum Width" />
		<DPT A="18" B="0087" C="3050" D="Boom 2 Right Offset" />
		<DET A="DET-8" B="19" C="2" D="Boom 3" E="3" F="1" >
			<DOR A="20" />
			<DOR A="21" />
			<DOR A="22" />
			<DOR A="23" />
			<DOR A="24" />
			<DOR A="25" />
		</DET>
		<DPD A="20" B="008D" C="1" D="8" E="Boom 3 Work State" />
		<DPD A="21" B="0007" C="1" D="8" E="Boom 3 Applied Mass Per Area" />
		<DPT A="22" B="0086" C="-5" D="Boom 3 Forward Offset" />
		<DPT A="23" B="0043" C="12190" D="Boom 3 Actual Width" />
		<DPT A="24" B="0046" C="12190" D="Boom 3 Maximum Width" />
		<DPT A="25" B="0087" C="-5" D="Boom 3 Right Offset" />
	</DVC>
	<DVC A="DVC-1" B="3UE39" C="V31.5.13.0" D="00035551324E364E" E="3UE39000" F="00000000000000" G="FF000000000000" >
		<DET A="DET-1" B="1" C="1" D="Device" E="0" F="0" >
			<DOR A="2" />
			<DOR A="3" />
			<DOR A="4" />
		</DET>
		<DPD A="2" B="008D" C="1" D="8" E="Device Work State" />
		<DPT A="3" B="0046" C="12200" D="Device Maximum Width" />
		<DPT A="4" B="0043" C="12200" D="Device Actual Width" />
		<DET A="DET-2" B="5" C="2" D="Boom 1" E="1" F="1" >
			<DOR A="6" />
			<DOR A="7" />
			<DOR A="8" />
			<DOR A="9" />
			<DOR A="10" />
			<DOR A="11" />
		</DET>
		<DPD A="6" B="008D" C="1" D="8" E="Boom 1 Work State" />
		<DPD A="7" B="000C" C="1" D="8" E="Boom 1 Applied Count Per Area" />
		<DPT A="8" B="0086" C="-3050" D="Boom 1 Forward Offset" />
		<DPT A="9" B="0043" C="6100" D="Boom 1 Actual Width" />
		<DPT A="10" B="0046" C="6100" D="Boom 1 Maximum Width" />
		<DPT A="11" B="0087" C="-3050" D="Boom 1 Right Offset" />
		<DET A="DET-3" B="12" C="2" D="Boom 2" E="2" F="1" >
			<DOR A="13" />
			<DOR A="14" />
			<DOR A="15" />
			<DOR A="16" />
			<DOR A="17" />
			<DOR A="18" />
		</DET>
		<DPD A="13" B="008D" C="1" D="8" E="Boom 2 Work State" />
		<DPD A="14" B="0007" C="1" D="8" E="Boom 2 Applied Mass Per Area" />
		<DPT A="15" B="0086" C="-3050" D="Boom 2 Forward Offset" />
		<DPT A="16" B="0043" C="6100" D="Boom 2 Actual Width" />
		<DPT A="17" B="0046" C="6100" D="Boom 2 Maximum Width" />
		<DPT A="18" B="0087" C="3050" D="Boom 2 Right Offset" />
		<DET A="DET-4" B="19" C="2" D="Boom 3" E="3" F="1" >
			<DOR A="20" />
			<DOR A="21" />
			<DOR A="22" />
			<DOR A="23" />
			<DOR A="24" />
			<DOR A="25" />
		</DET>
		<DPD A="20" B="008D" C="1" D="8" E="Boom 3 Work State" />
		<DPD A="21" B="0007" C="1" D="8" E="Boom 3 Applied Mass Per Area" />
		<DPT A="22" B="0086" C="-5" D="Boom 3 Forward Offset" />
		<DPT A="23" B="0043" C="12190" D="Boom 3 Actual Width" />
		<DPT A="24" B="0046" C="12190" D="Boom 3 Maximum Width" />
		<DPT A="25" B="0087" C="-5" D="Boom 3 Right Offset" />
	</DVC>
</XFC>
