<?xml version="1.0" encoding="UTF-8"?>
<ISO11783_TaskData VersionMajor="3" VersionMinor="0" ManagementSoftwareManufacturer="" ManagementSoftwareVersion="0" TaskControllerManufacturer="CNH" TaskControllerVersion="31.5.13.0" DataTransferOrigin="2" >
	<XFR A="DVC00000" B="1"/>
	<XFR A="CTR00000" B="1"/>
	<XFR A="FRM00000" B="1"/>
	<XFR A="PFD00000" B="1"/>
	<XFR A="TSK00000" B="1"/>
	<XFR A="WKR00000" B="1"/>
	<XFR A="CTP00000" B="1"/>
	<XFR A="PDT00000" B="1"/>
	<XFR A="VPN00000" B="1"/>
	<XFR A="PGP00000" B="1"/>
</ISO11783_TaskData>
