<?xml version="1.0" encoding="UTF-8"?>
<XFC >
	<TSK A="TSK-0" B="17/12/18-11:51:46" C="CTR-0" D="FRM-0" E="PFD-0" G="2" >
		<DAN A="00035551324E364E" C="DVC-1" />
		<DLT A="008D" B="8" G="0" H="DET-1" />
		<DLT A="008D" B="8" G="0" H="DET-2" />
		<DLT A="000C" B="8" G="0" H="DET-2" />
		<DLT A="008D" B="8" G="0" H="DET-3" />
		<DLT A="0007" B="8" G="0" H="DET-3" />
		<DLT A="008D" B="8" G="0" H="DET-4" />
		<DLT A="0007" B="8" G="0" H="DET-4" />
		<TLG A="TLG00001" B="66500" C="1" />
		<TIM A="2017-12-19T14:34:38" D="4" >
			<DLV />
		</TIM>
		<TIM A="2017-12-19T14:34:38" D="4" >
			<DLV />
		</TIM>
	</TSK>
	<TSK A="TSK-1" B="17/12/18-12:08:11" C="CTR-0" D="FRM-0" E="PFD-0" G="2" >
		<DAN A="00035551324E364E" C="DVC-1" />
		<DLT A="008D" B="8" G="0" H="DET-1" />
		<DLT A="008D" B="8" G="0" H="DET-2" />
		<DLT A="000C" B="8" G="0" H="DET-2" />
		<DLT A="008D" B="8" G="0" H="DET-3" />
		<DLT A="0007" B="8" G="0" H="DET-3" />
		<DLT A="008D" B="8" G="0" H="DET-4" />
		<DLT A="0007" B="8" G="0" H="DET-4" />
		<TLG A="TLG00002" B="343760" C="1" />
		<TIM A="2017-12-19T14:34:38" D="4" >
			<DLV />
		</TIM>
		<TIM A="2017-12-19T14:34:38" D="4" >
			<DLV />
		</TIM>
	</TSK>
	<TSK A="TSK-2" B="17/12/18-13:32:55" C="CTR-0" D="FRM-0" E="PFD-0" G="2" >
		<DAN A="00035551324E364E" C="DVC-1" />
		<DLT A="008D" B="8" G="0" H="DET-1" />
		<DLT A="008D" B="8" G="0" H="DET-2" />
		<DLT A="000C" B="8" G="0" H="DET-2" />
		<DLT A="008D" B="8" G="0" H="DET-3" />
		<DLT A="0007" B="8" G="0" H="DET-3" />
		<DLT A="008D" B="8" G="0" H="DET-4" />
		<DLT A="0007" B="8" G="0" H="DET-4" />
		<TLG A="TLG00003" B="378320" C="1" />
		<TIM A="2017-12-19T14:34:38" D="4" >
			<DLV />
		</TIM>
		<TIM A="2017-12-19T14:34:38" D="4" >
			<DLV />
		</TIM>
	</TSK>
	<TSK A="TSK-3" B="17/12/18-15:11:04" C="CTR-0" D="FRM-0" E="PFD-0" G="2" >
		<DAN A="00035551324E364E" C="DVC-1" />
		<DLT A="008D" B="8" G="0" H="DET-1" />
		<DLT A="008D" B="8" G="0" H="DET-2" />
		<DLT A="000C" B="8" G="0" H="DET-2" />
		<DLT A="008D" B="8" G="0" H="DET-3" />
		<DLT A="0007" B="8" G="0" H="DET-3" />
		<DLT A="008D" B="8" G="0" H="DET-4" />
		<DLT A="0007" B="8" G="0" H="DET-4" />
		<TLG A="TLG00004" B="375200" C="1" />
		<TIM A="2017-12-19T14:34:38" D="4" >
			<DLV />
		</TIM>
		<TIM A="2017-12-19T14:34:38" D="4" >
			<DLV />
		</TIM>
	</TSK>
	<TSK A="TSK-4" B="17/12/19-07:41:08" C="CTR-0" D="FRM-0" E="PFD-0" G="2" >
		<DAN A="00035551324E364E" C="DVC-1" />
		<DLT A="008D" B="8" G="0" H="DET-1" />
		<DLT A="008D" B="8" G="0" H="DET-2" />
		<DLT A="000C" B="8" G="0" H="DET-2" />
		<DLT A="008D" B="8" G="0" H="DET-3" />
		<DLT A="0007" B="8" G="0" H="DET-3" />
		<DLT A="008D" B="8" G="0" H="DET-4" />
		<DLT A="0007" B="8" G="0" H="DET-4" />
		<TLG A="TLG00005" B="3600" C="1" />
		<TIM A="2017-12-19T14:34:38" D="4" >
			<DLV />
		</TIM>
		<TIM A="2017-12-19T14:34:38" D="4" >
			<DLV />
		</TIM>
	</TSK>
	<TSK A="TSK-5" B="17/12/19-07:46:04" C="CTR-0" D="FRM-0" E="PFD-0" G="2" >
		<DAN A="00035551324E364E" C="DVC-1" />
		<DLT A="008D" B="8" G="0" H="DET-1" />
		<DLT A="008D" B="8" G="0" H="DET-2" />
		<DLT A="000C" B="8" G="0" H="DET-2" />
		<DLT A="008D" B="8" G="0" H="DET-3" />
		<DLT A="0007" B="8" G="0" H="DET-3" />
		<DLT A="008D" B="8" G="0" H="DET-4" />
		<DLT A="0007" B="8" G="0" H="DET-4" />
		<TLG A="TLG00006" B="358100" C="1" />
		<TIM A="2017-12-19T14:34:38" D="4" >
			<DLV />
		</TIM>
		<TIM A="2017-12-19T14:34:38" D="4" >
			<DLV />
		</TIM>
	</TSK>
	<TSK A="TSK-6" B="17/12/19-09:08:02" C="CTR-0" D="FRM-0" E="PFD-0" G="2" >
		<DAN A="00035551324E364E" C="DVC-1" />
		<DLT A="008D" B="8" G="0" H="DET-1" />
		<DLT A="008D" B="8" G="0" H="DET-2" />
		<DLT A="000C" B="8" G="0" H="DET-2" />
		<DLT A="008D" B="8" G="0" H="DET-3" />
		<DLT A="0007" B="8" G="0" H="DET-3" />
		<DLT A="008D" B="8" G="0" H="DET-4" />
		<DLT A="0007" B="8" G="0" H="DET-4" />
		<TLG A="TLG00007" B="319900" C="1" />
		<TIM A="2017-12-19T14:34:38" D="4" >
			<DLV />
		</TIM>
		<TIM A="2017-12-19T14:34:38" D="4" >
			<DLV />
		</TIM>
	</TSK>
	<TSK A="TSK-7" B="17/12/19-10:04:08" C="CTR-0" D="FRM-0" E="PFD-1" G="2" >
		<DAN A="00034751324E364E" C="DVC-2" />
		<DLT A="008D" B="8" G="0" H="DET-5" />
		<DLT A="008D" B="8" G="0" H="DET-6" />
		<DLT A="000C" B="8" G="0" H="DET-6" />
		<DLT A="008D" B="8" G="0" H="DET-7" />
		<DLT A="0007" B="8" G="0" H="DET-7" />
		<DLT A="008D" B="8" G="0" H="DET-8" />
		<DLT A="0007" B="8" G="0" H="DET-8" />
		<TLG A="TLG00008" B="395700" C="1" />
		<TIM A="2017-12-19T14:34:38" D="4" >
			<DLV />
		</TIM>
		<TIM A="2017-12-19T14:34:38" D="4" >
			<DLV />
		</TIM>
	</TSK>
	<TSK A="TSK-8" B="17/12/19-11:11:31" C="CTR-0" D="FRM-0" E="PFD-1" G="2" >
		<DAN A="00034751324E364E" C="DVC-2" />
		<DLT A="008D" B="8" G="0" H="DET-5" />
		<DLT A="008D" B="8" G="0" H="DET-6" />
		<DLT A="000C" B="8" G="0" H="DET-6" />
		<DLT A="008D" B="8" G="0" H="DET-7" />
		<DLT A="0007" B="8" G="0" H="DET-7" />
		<DLT A="008D" B="8" G="0" H="DET-8" />
		<DLT A="0007" B="8" G="0" H="DET-8" />
		<TLG A="TLG00009" B="415700" C="1" />
		<TIM A="2017-12-19T14:34:38" D="4" >
			<DLV />
		</TIM>
		<TIM A="2017-12-19T14:34:38" D="4" >
			<DLV />
		</TIM>
	</TSK>
	<TSK A="TSK-9" B="17/12/19-12:19:17" C="CTR-0" D="FRM-0" E="PFD-1" G="2" >
		<DAN A="00034751324E364E" C="DVC-2" />
		<DLT A="008D" B="8" G="0" H="DET-5" />
		<DLT A="008D" B="8" G="0" H="DET-6" />
		<DLT A="000C" B="8" G="0" H="DET-6" />
		<DLT A="008D" B="8" G="0" H="DET-7" />
		<DLT A="0007" B="8" G="0" H="DET-7" />
		<DLT A="008D" B="8" G="0" H="DET-8" />
		<DLT A="0007" B="8" G="0" H="DET-8" />
		<TLG A="TLG00010" B="426200" C="1" />
		<TIM A="2017-12-19T14:34:38" D="4" >
			<DLV />
		</TIM>
		<TIM A="2017-12-19T14:34:38" D="4" >
			<DLV />
		</TIM>
	</TSK>
	<TSK A="TSK-10" B="17/12/19-13:29:17" C="CTR-0" D="FRM-0" E="PFD-1" G="2" >
		<DAN A="00034751324E364E" C="DVC-2" />
		<DLT A="008D" B="8" G="0" H="DET-5" />
		<DLT A="008D" B="8" G="0" H="DET-6" />
		<DLT A="000C" B="8" G="0" H="DET-6" />
		<DLT A="008D" B="8" G="0" H="DET-7" />
		<DLT A="0007" B="8" G="0" H="DET-7" />
		<DLT A="008D" B="8" G="0" H="DET-8" />
		<DLT A="0007" B="8" G="0" H="DET-8" />
		<TLG A="TLG00011" B="189000" C="1" />
		<TIM A="2017-12-19T14:34:38" D="4" >
			<DLV />
		</TIM>
		<TIM A="2017-12-19T14:34:38" D="4" >
			<DLV />
		</TIM>
	</TSK>
	<TSK A="TSK-11" B="17/12/19-14:34:39" C="CTR-0" D="FRM-0" E="PFD-1" G="2" >
		<DAN A="00034751324E364E" C="DVC-2" />
		<DLT A="008D" B="8" G="0" H="DET-5" />
		<DLT A="008D" B="8" G="0" H="DET-6" />
		<DLT A="000C" B="8" G="0" H="DET-6" />
		<DLT A="008D" B="8" G="0" H="DET-7" />
		<DLT A="0007" B="8" G="0" H="DET-7" />
		<DLT A="008D" B="8" G="0" H="DET-8" />
		<DLT A="0007" B="8" G="0" H="DET-8" />
		<TLG A="TLG00012" B="336500" C="1" />
		<TIM A="2017-12-19T15:47:39" D="4" >
			<DLV />
		</TIM>
		<TIM A="2017-12-19T15:47:39" D="4" >
			<DLV />
		</TIM>
	</TSK>
	<TSK A="TSK-12" B="17/12/19-15:47:39" C="CTR-0" D="FRM-0" E="PFD-1" G="2" >
		<DAN A="00034751324E364E" C="DVC-2" />
		<DLT A="008D" B="8" G="0" H="DET-5" />
		<DLT A="008D" B="8" G="0" H="DET-6" />
		<DLT A="000C" B="8" G="0" H="DET-6" />
		<DLT A="008D" B="8" G="0" H="DET-7" />
		<DLT A="0007" B="8" G="0" H="DET-7" />
		<DLT A="008D" B="8" G="0" H="DET-8" />
		<DLT A="0007" B="8" G="0" H="DET-8" />
		<TLG A="TLG00013" B="129000" C="1" />
		<TIM A="2017-12-19T16:11:04" D="4" >
			<DLV />
		</TIM>
		<TIM A="2017-12-19T16:11:04" D="4" >
			<DLV />
		</TIM>
	</TSK>
	<TSK A="TSK-13" B="17/12/20-08:06:06" C="CTR-0" D="FRM-0" E="PFD-1" G="2" >
		<DAN A="00034751324E364E" C="DVC-2" />
		<DLT A="008D" B="8" G="0" H="DET-5" />
		<DLT A="008D" B="8" G="0" H="DET-6" />
		<DLT A="000C" B="8" G="0" H="DET-6" />
		<DLT A="008D" B="8" G="0" H="DET-7" />
		<DLT A="0007" B="8" G="0" H="DET-7" />
		<DLT A="008D" B="8" G="0" H="DET-8" />
		<DLT A="0007" B="8" G="0" H="DET-8" />
		<TLG A="TLG00014" B="121200" C="1" />
		<TIM A="2017-12-20T09:28:28" D="4" >
			<DLV />
		</TIM>
		<TIM A="2017-12-20T09:28:28" D="4" >
			<DLV />
		</TIM>
	</TSK>
	<TSK A="TSK-14" B="17/12/18-09:02:33" C="CTR-0" D="FRM-1" E="PFD-2" G="2" >
		<DAN A="0003304157393937" C="DVC-3" />
		<DLT A="008D" B="8" G="0" H="DET-9" />
		<DLT A="008D" B="8" G="0" H="DET-10" />
		<DLT A="000C" B="8" G="0" H="DET-10" />
		<DLT A="008D" B="8" G="0" H="DET-11" />
		<DLT A="0007" B="8" G="0" H="DET-11" />
		<DLT A="008D" B="8" G="0" H="DET-12" />
		<DLT A="0007" B="8" G="0" H="DET-12" />
		<TLG A="TLG00015" B="2100" C="1" />
		<TIM A="2017-12-19T14:34:38" D="4" >
			<DLV />
		</TIM>
		<TIM A="2017-12-19T14:34:38" D="4" >
			<DLV />
		</TIM>
	</TSK>
	<TSK A="TSK-15" B="17/12/18-09:02:10" C="CTR-0" D="FRM-1" E="PFD-3" G="2" >
		<DAN A="00035951324E364E" C="DVC-4" />
		<DLT A="008D" B="8" G="0" H="DET-13" />
		<DLT A="008D" B="8" G="0" H="DET-14" />
		<DLT A="000C" B="8" G="0" H="DET-14" />
		<DLT A="008D" B="8" G="0" H="DET-15" />
		<DLT A="0007" B="8" G="0" H="DET-15" />
		<DLT A="008D" B="8" G="0" H="DET-16" />
		<DLT A="0007" B="8" G="0" H="DET-16" />
		<TLG A="TLG00016" B="412700" C="1" />
		<TIM A="2017-12-19T14:34:38" D="4" >
			<DLV />
		</TIM>
		<TIM A="2017-12-19T14:34:38" D="4" >
			<DLV />
		</TIM>
	</TSK>
	<TSK A="TSK-16" B="17/12/18-10:13:35" C="CTR-0" D="FRM-1" E="PFD-3" G="2" >
		<DAN A="00035951324E364E" C="DVC-4" />
		<DLT A="008D" B="8" G="0" H="DET-13" />
		<DLT A="008D" B="8" G="0" H="DET-14" />
		<DLT A="000C" B="8" G="0" H="DET-14" />
		<DLT A="008D" B="8" G="0" H="DET-15" />
		<DLT A="0007" B="8" G="0" H="DET-15" />
		<DLT A="008D" B="8" G="0" H="DET-16" />
		<DLT A="0007" B="8" G="0" H="DET-16" />
		<TLG A="TLG00017" B="418100" C="1" />
		<TIM A="2017-12-19T14:34:38" D="4" >
			<DLV />
		</TIM>
		<TIM A="2017-12-19T14:34:38" D="4" >
			<DLV />
		</TIM>
	</TSK>
	<TSK A="TSK-17" B="17/12/18-11:24:20" C="CTR-0" D="FRM-1" E="PFD-3" G="2" >
		<DAN A="00035951324E364E" C="DVC-4" />
		<DLT A="008D" B="8" G="0" H="DET-13" />
		<DLT A="008D" B="8" G="0" H="DET-14" />
		<DLT A="000C" B="8" G="0" H="DET-14" />
		<DLT A="008D" B="8" G="0" H="DET-15" />
		<DLT A="0007" B="8" G="0" H="DET-15" />
		<DLT A="008D" B="8" G="0" H="DET-16" />
		<DLT A="0007" B="8" G="0" H="DET-16" />
		<TLG A="TLG00018" B="104400" C="1" />
		<TIM A="2017-12-19T14:34:38" D="4" >
			<DLV />
		</TIM>
		<TIM A="2017-12-19T14:34:38" D="4" >
			<DLV />
		</TIM>
		<GAN A="GGP-0" />
		<GAN A="GGP-1" />
		<GAN A="GGP-2" />
		<GAN A="GGP-3" />
		<GAN A="GGP-4" />
		<GAN A="GGP-5" />
		<GAN A="GGP-6" />
		<GAN A="GGP-7" />
		<GAN A="GGP-8" />
		<GAN A="GGP-9" />
		<GAN A="GGP-10" />
		<GAN A="GGP-11" />
		<GAN A="GGP-12" />
		<GAN A="GGP-13" />
		<GAN A="GGP-14" />
		<GAN A="GGP-15" />
		<GAN A="GGP-16" />
		<GAN A="GGP-17" />
		<GAN A="GGP-0" />
		<GAN A="GGP-1" />
		<GAN A="GGP-2" />
		<GAN A="GGP-3" />
		<GAN A="GGP-4" />
		<GAN A="GGP-5" />
		<GAN A="GGP-6" />
		<GAN A="GGP-7" />
		<GAN A="GGP-8" />
		<GAN A="GGP-9" />
		<GAN A="GGP-10" />
		<GAN A="GGP-11" />
		<GAN A="GGP-12" />
		<GAN A="GGP-13" />
		<GAN A="GGP-14" />
		<GAN A="GGP-15" />
		<GAN A="GGP-16" />
		<GAN A="GGP-17" />
	</TSK>
</XFC>
