<?xml version="1.0" encoding="UTF-8"?>
<XFC >
	<VPN A="VPN-0" B="0" C="0.001000" D="2" E="kg" />
	<VPN A="VPN-1" B="0" C="0.001000" D="2" E="kg" />
	<VPN A="VPN-2" B="0" C="0.001000" D="2" E="L" />
	<VPN A="VPN-3" B="0" C="0.001000" D="2" E="kg" />
	<VPN A="VPN-4" B="0" C="0.001000" D="2" E="kg" />
	<VPN A="VPN-5" B="0" C="0.001000" D="2" E="L" />
	<VPN A="VPN-6" B="0" C="0.001000" D="2" E="kg" />
	<VPN A="VPN-7" B="0" C="0.001000" D="2" E="kg" />
	<VPN A="VPN-8" B="0" C="0.001000" D="2" E="L" />
	<VPN A="VPN-9" B="0" C="0.001000" D="2" E="kg" />
	<VPN A="VPN-10" B="0" C="0.001000" D="2" E="kg" />
	<VPN A="VPN-11" B="0" C="0.001000" D="2" E="L" />
	<VPN A="VPN-12" B="0" C="0.001000" D="2" E="kg" />
	<VPN A="VPN-13" B="0" C="0.001000" D="2" E="kg" />
	<VPN A="VPN-14" B="0" C="0.001000" D="2" E="L" />
	<VPN A="VPN-15" B="0" C="0.001000" D="2" E="kg" />
	<VPN A="VPN-16" B="0" C="0.001000" D="2" E="kg" />
	<VPN A="VPN-17" B="0" C="0.001000" D="2" E="L" />
	<VPN A="VPN-18" B="0" C="0.001000" D="2" E="kg" />
	<VPN A="VPN-19" B="0" C="0.001000" D="2" E="kg" />
	<VPN A="VPN-20" B="0" C="0.001000" D="2" E="L" />
	<VPN A="VPN-21" B="0" C="0.001000" D="2" E="kg" />
	<VPN A="VPN-22" B="0" C="0.001000" D="2" E="kg" />
	<VPN A="VPN-23" B="0" C="0.001000" D="2" E="L" />
	<VPN A="VPN-24" B="0" C="0.001000" D="2" E="kg" />
	<VPN A="VPN-25" B="0" C="0.001000" D="2" E="kg" />
	<VPN A="VPN-26" B="0" C="0.001000" D="2" E="kg" />
</XFC>
