<?xml version="1.0" encoding="utf-8"?>
<ISO11783_TaskData xmlns:xsd="http://www.w3.org/2001/XMLSchema" xmlns:xsi="http://www.w3.org/2001/XMLSchema-instance" VersionMajor="3" VersionMinor="0" ManagementSoftwareManufacturer="AgDNA" ManagementSoftwareVersion="1" DataTransferOrigin="1">
  <CTR A="CTR1" B="FT" />
  <FRM A="FRM1" B="1" I="CTR1" />
  <PFD A="PFD1" C="1" D="0" E="CTR1" F="FRM1">
    <PLN A="1">
      <LSG A="1">
        <PNT A="10" C="67.242481871868762" D="-92.0859456617478" />
        <PNT A="10" C="67.204734731160727" D="-92.081825788700925" />
        <PNT A="10" C="67.215240762827065" D="-91.997368391239988" />
        <PNT A="10" C="67.2454034750317" D="-92.024147566044675" />
        <PNT A="10" C="67.242481871868762" D="-92.0859456617478" />
      </LSG>
    </PLN>
  </PFD>
  <PDT A="PDT-1" B="0-0-60" D="VPN2" E="004B" F="1" P094_Product_Form="1" P094_Product_Usage="2" P094_Product_Rate1Value="0.0112085023978552" P094_Product_Rate2Value="0" P094_Product_MinRateValue="0.0112085023978552" P094_Product_MaxRateValue="0.0224170047957104" P094_Product_DeltaRateValue="0.0044834009591420785" />
  <TSK A="TSK1" B="tst" C="CTR1" D="FRM1" E="PFD1" G="1" H="251" I="253" J="252">
    <TZN A="1" B="Zone 1" C="1">
      <PDV A="0006" B="11209" C="PDT-1" E="VPN4" />
    </TZN>
    <TZN A="2" B="Zone 2" C="2">
      <PDV A="0006" B="15692" C="PDT-1" E="VPN4" />
    </TZN>
    <TZN A="3" B="Zone 3" C="3">
      <PDV A="0006" B="22417" C="PDT-1" E="VPN4" />
    </TZN>
    <TZN A="251" B="Default" C="251">
      <PDV A="0006" B="11209" C="PDT-1" E="VPN4" />
    </TZN>
    <TZN A="252" B="Out of field" C="252">
      <PDV A="0006" B="11209" C="PDT-1" E="VPN4" />
    </TZN>
    <TZN A="253" B="Position Lost" C="253">
      <PDV A="0006" B="11209" C="PDT-1" E="VPN4" />
    </TZN>
    <GRD A="67.204181409969635" B="-92.08737781477754" C="0.00021109281129356029" D="0.00021109281129356029" E="433" F="197" G="GRD00001" H="85301" I="1" />
  </TSK>
  <VPN A="VPN1" B="0" C="0.001" D="2" E="l" />
  <VPN A="VPN2" B="0" C="0.001" D="2" E="kg" />
  <VPN A="VPN3" B="0" C="0.01" D="2" E="l/ha" />
  <VPN A="VPN4" B="0" C="0.01" D="2" E="kg/ha" />
  <VPN A="VPN5" B="0" C="1" D="0" E="sds/m^2" />
  <VPN A="VPN6" B="0" C="1" D="0" E="mm" />
  <VPN A="VPN7" B="0" C="1" D="0" E="N/m" />
  <VPN A="VPN8" B="0" C="1" D="0" E="sds" />
</ISO11783_TaskData>